IP,cf-meta-ip,端口,速度(Mbps),CF归属国,机房,TCP延迟(ms),TLS延迟(ms)
158.69.112.254,158.69.112.254,443,260.07,CA,YYZ,16.25,101.24
40.233.110.251,2603:c021:4:9a88::1018,443,42.56,CA,YYZ,21.65,31.07
155.248.216.138,155.248.216.138,443,31.89,CA,YYZ,19.2,31.73
40.233.71.238,2603:c021:5:8c88::1006,443,31.71,CA,YYZ,15.59,24.31
68.233.122.42,68.233.122.42,443,22.18,CA,YYZ,129.84,159.03
167.160.190.137,167.160.190.137,443,16.08,CA,YYZ,18.28,52.53
40.233.99.248,2603:c021:4:9a88::1020,443,13.87,CA,YYZ,26.88,24.34
65.49.232.101,65.49.232.101,443,13.79,CA,YVR,87.44,121.34
159.203.2.180,159.203.2.180,443,7.87,CA,YYZ,20.51,36.47
172.98.207.58,172.98.207.6,443,6.96,CA,YYZ,18.9,28.73
45.133.17.106,45.133.17.106,443,6.93,CA,YYZ,19.36,32.29
40.233.87.120,2603:c021:4:9a88::1016,443,3.78,CA,YYZ,17.64,29.07
40.233.116.225,40.233.116.225,443,2.06,CA,YYZ,17.79,27.67
40.233.68.138,40.233.68.138,443,1.94,CA,YYZ,16.01,23.99
72.11.145.117,72.11.145.117,443,1.88,CA,YYZ,20.87,86.65
150.242.90.205,150.242.90.205,443,1.42,CA,YVR,73.07,75.56
72.11.146.199,72.11.146.199,443,1.02,CA,YYZ,19.23,47.52
51.34.85.34,51.34.85.34,443,9.05,CH,ZRH,102.03,165.11
82.38.139.231,82.38.139.231,443,7.97,CH,ZRH,139.96,241.59
84.234.17.132,84.234.17.132,8443,6.54,CH,LYS,103.02,134.85
82.38.64.166,82.38.64.166,443,6.02,CH,ZRH,130.31,165.29
84.234.17.132,84.234.17.132,443,5.66,CH,LYS,103.54,132.65
194.87.18.208,194.87.18.208,443,5.19,CH,ZRH,92.52,125.28
38.180.84.40,38.180.84.40,443,3.99,CH,MXP,95.63,121.56
38.180.85.203,38.180.85.203,443,3.75,CH,MXP,123.69,99.79
91.245.225.17,91.245.225.17,443,3.13,CH,ZRH,92.6,107.18
107.189.30.77,107.189.30.77,443,2.84,CH,ZRH,111.75,121.33
141.227.139.220,141.227.139.220,443,2.8,CH,ZRH,91.94,106.88
82.38.64.162,82.38.64.162,443,2.76,CH,ZRH,104.68,115.54
83.228.198.53,83.228.198.53,8443,2.55,CH,LYS,104.41,142.52
152.67.85.239,152.67.85.239,443,2.29,CH,ZRH,97.06,100.54
84.234.16.169,84.234.16.169,443,2.06,CH,LYS,112.86,120.75
83.228.198.53,83.228.198.53,443,2.03,CH,LYS,97.34,133.69
45.128.52.237,45.128.52.237,443,1.72,CH,ZRH,99.24,107.07
87.120.222.199,87.120.222.199,443,1.52,CH,ZRH,211.2,266.28
45.143.200.141,45.143.200.141,443,1.52,CH,ZRH,224.66,254.47
87.120.222.125,87.120.222.125,443,1.44,CH,ZRH,200.99,207.71
152.67.64.55,152.67.64.55,443,1.44,CH,ZRH,97.8,101.17
45.148.102.70,45.148.102.70,443,1.41,CH,ZRH,194.7,216.42
45.148.102.244,45.148.102.244,443,1.39,CH,ZRH,212.04,212.05
171.22.16.237,171.22.16.237,443,1.38,CH,ZRH,260.38,210.63
87.120.222.39,87.120.222.39,443,1.38,CH,ZRH,211.09,244.04
171.22.16.238,171.22.16.238,443,1.35,CH,ZRH,210.12,218.5
84.234.16.169,84.234.16.169,8443,1.28,CH,LYS,126.51,127.98
45.143.200.211,45.143.200.211,443,1.19,CH,ZRH,219.36,227.98
179.43.176.195,179.43.176.195,443,1.07,CH,MXP,104.89,106.13
140.238.208.210,140.238.208.210,443,1.06,CH,ZRH,98.48,116.65
140.238.209.8,140.238.209.8,443,1.05,CH,ZRH,99.59,103.3
167.17.181.45,167.17.181.45,443,1.03,CH,ZRH,209.82,219.06
43.168.16.112,43.174.70.59,443,3.09,CN,HKG,222.74,267.29
194.154.30.62,194.154.30.62,443,17.75,DE,FRA,106.41,240.74
94.159.106.20,94.159.106.20,443,15.98,DE,FRA,90.01,102.45
38.180.219.131,38.180.219.131,443,15.34,DE,FRA,204.77,148.49
62.60.216.31,62.60.216.31,443,13.67,DE,FRA,173.9,213.66
185.242.113.75,185.242.113.75,443,13.57,DE,FRA,136.36,121.65
83.219.249.108,83.219.249.108,443,13.52,DE,FRA,104.6,145.86
85.192.24.201,85.192.24.201,2096,11.41,DE,FRA,91.01,135.52
194.34.238.131,194.34.238.131,443,11.14,DE,FRA,93.13,98.18
62.60.245.69,62.60.245.69,443,10.87,DE,FRA,106.87,134.46
152.53.14.169,152.53.14.169,443,10.53,DE,FRA,128.71,147.29
152.53.136.14,152.53.136.14,443,10.29,DE,FRA,110.65,221.01
185.65.202.222,185.65.202.222,443,10.13,DE,FRA,92.89,153.67
87.251.87.36,87.251.87.36,443,10.05,DE,FRA,97.9,120.55
95.164.123.31,95.164.123.31,443,9.79,DE,FRA,114.78,128.62
152.53.14.169,152.53.14.169,8443,9.49,DE,FRA,94.39,148.2
62.60.246.90,62.60.246.90,443,9.29,DE,FRA,112.43,123.88
89.58.28.105,89.58.28.105,443,9.17,DE,FRA,125.69,192.69
89.58.32.18,89.58.32.18,8443,9.15,DE,FRA,98.17,113.37
5.75.182.89,5.75.182.89,443,8.99,DE,FRA,98.64,125.77
152.53.136.14,152.53.136.14,8443,8.96,DE,FRA,126.91,211.58
195.133.94.9,195.133.94.9,443,8.82,DE,FRA,100.37,117.27
144.31.227.24,144.31.227.24,443,8.77,DE,FRA,99.83,128.65
109.120.177.229,109.120.177.229,443,8.57,DE,FRA,99.05,123.66
85.192.24.201,85.192.24.201,443,8.43,DE,FRA,96.59,114.18
217.154.94.41,2a01:239:3bf:dd00::1,443,8.1,DE,WAW,110.76,166.74
62.60.245.255,62.60.245.255,443,7.99,DE,FRA,99.23,117.57
213.176.77.30,213.176.77.30,443,7.96,DE,FRA,101.4,147.69
47.245.131.215,47.245.131.215,2053,7.88,DE,FRA,101.22,143.62
132.226.197.103,132.226.197.103,443,7.86,DE,FRA,92.01,101.99
47.245.131.215,47.245.131.215,443,7.76,DE,FRA,106.54,153.91
38.180.165.83,38.180.165.83,443,7.75,DE,FRA,102.32,137.78
152.53.139.243,152.53.139.243,443,7.56,DE,FRA,102.91,129.34
89.58.28.105,89.58.28.105,8443,7.42,DE,FRA,161.15,176.09
89.58.32.86,89.58.32.86,8443,7.42,DE,FRA,122.78,164.53
37.221.196.43,37.221.196.43,8443,7.41,DE,FRA,99.53,122.65
152.53.139.243,152.53.139.243,8443,7.27,DE,FRA,108.01,136.01
89.58.13.46,89.58.13.46,8443,7.01,DE,FRA,100.3,132.52
152.53.225.145,152.53.225.145,8443,6.93,DE,FRA,97.72,118.56
95.164.123.31,95.164.123.31,2053,6.78,DE,FRA,97.18,105.43
94.16.113.94,94.16.113.94,8443,6.73,DE,HAM,174.34,228.74
47.245.131.215,47.245.131.215,8443,6.58,DE,FRA,103.47,129.52
89.58.13.46,89.58.13.46,443,6.57,DE,FRA,99.54,133.81
152.53.141.186,152.53.141.186,8443,6.56,DE,FRA,99.31,122.25
138.3.254.178,138.3.254.178,443,6.56,DE,FRA,99.96,104.81
185.246.217.72,185.246.217.72,443,6.54,DE,FRA,100.49,128.93
152.53.14.60,152.53.14.60,443,6.52,DE,FRA,94.46,106.02
51.38.98.202,51.38.98.202,443,6.48,DE,FRA,98.14,134.36
89.58.32.86,89.58.32.86,443,6.31,DE,FRA,108.83,154.99
37.120.191.199,37.120.191.199,443,6.17,DE,FRA,97.79,113.87
83.147.254.227,83.147.254.227,443,6.05,DE,ARN,118.37,278.02
80.76.32.165,80.76.32.165,443,5.89,DE,FRA,95.05,110.9
152.53.120.168,152.53.120.168,443,5.88,DE,FRA,95.15,108.3
92.118.8.248,92.118.8.248,443,5.87,DE,FRA,93.37,102.29
82.115.19.143,82.115.19.143,443,5.81,DE,FRA,135.47,144.44
152.53.120.168,152.53.120.168,8443,5.63,DE,FRA,98.07,104.82
94.130.72.184,94.130.72.184,443,5.62,DE,FRA,99.5,125.08
194.99.20.245,194.99.20.245,443,5.56,DE,FRA,94.38,96.71
213.21.229.174,213.21.229.174,443,5.42,DE,MXP,169.37,223.93
80.85.241.245,80.85.241.245,443,5.41,DE,MXP,118.53,211.41
89.40.117.143,89.40.117.143,443,5.34,DE,FRA,90.53,105.53
152.53.119.132,152.53.119.132,8443,5.33,DE,FRA,107.38,113.09
37.221.196.43,37.221.196.43,443,5.27,DE,FRA,99.26,112.53
94.16.113.94,94.16.113.94,443,5.26,DE,FRA,224.56,124.41
77.110.118.50,77.110.118.50,443,5.21,DE,FRA,102.19,142.49
152.53.14.185,152.53.14.185,8443,5.18,DE,FRA,92.44,117.37
5.61.32.186,5.61.32.186,443,5.12,DE,FRA,93.76,103.06
64.188.66.138,64.188.66.138,443,5.05,DE,FRA,97.17,113.09
64.188.66.138,64.188.66.138,2053,4.91,DE,FRA,101.92,116.92
159.195.22.104,159.195.22.104,443,4.87,DE,FRA,102.38,118.22
144.31.73.186,144.31.73.186,443,4.76,DE,FRA,96.22,136.69
91.186.216.59,91.186.216.59,443,4.68,DE,ARN,118.46,172.91
162.19.247.245,162.19.247.245,443,4.59,DE,FRA,95.45,101.24
45.135.165.245,45.135.165.245,443,4.58,DE,FRA,91.99,105.14
185.66.165.51,185.66.165.4,443,4.56,DE,ARN,97.21,173.82
213.21.246.96,213.21.246.96,8443,4.51,DE,MXP,117.09,204.7
195.133.94.19,195.133.94.19,443,4.51,DE,FRA,93.19,123.99
91.107.152.178,91.107.152.178,443,4.47,DE,FRA,97.21,147.24
152.53.225.145,152.53.225.145,443,4.38,DE,FRA,97.54,118.93
113.30.190.30,113.30.190.30,443,4.32,DE,FRA,92.35,100.18
152.53.15.90,152.53.15.90,443,4.25,DE,FRA,98.25,105.33
5.39.255.78,5.39.255.78,443,4.24,DE,FRA,96.4,109.55
91.186.212.186,91.186.212.186,443,4.21,DE,MXP,119.67,234.71
45.147.228.249,45.147.228.249,443,4.18,DE,FRA,90.35,123.21
37.120.191.199,37.120.191.199,8443,4.16,DE,FRA,97.31,111.32
152.53.141.186,152.53.141.186,443,4.11,DE,FRA,95.89,122.35
152.53.15.90,152.53.15.90,8443,3.98,DE,FRA,98.34,100.33
92.42.96.240,92.42.96.240,443,3.94,DE,FRA,91.79,108.04
152.53.119.132,152.53.119.132,443,3.93,DE,FRA,99.06,107.08
152.53.14.185,152.53.14.185,443,3.79,DE,FRA,89.97,120.37
5.187.7.220,5.187.7.220,443,3.79,DE,FRA,91.66,110.2
150.241.123.99,150.241.123.99,443,3.76,DE,FRA,94.74,105.7
163.5.187.49,163.5.187.49,2053,3.71,DE,FRA,91.54,106.6
104.248.23.44,104.248.23.44,443,3.69,DE,FRA,99.57,151.13
94.156.102.142,94.156.102.142,443,3.66,DE,FRA,97.1,136.51
152.53.227.239,152.53.227.239,8443,3.63,DE,FRA,99.05,131.07
159.89.10.241,159.89.10.241,443,3.58,DE,FRA,91.69,100.31
92.246.136.38,2a0b:4140:4cc8::2,443,3.57,DE,FRA,92.79,126.11
18.199.97.136,18.199.97.136,443,3.54,DE,FRA,119.54,96.33
95.164.123.217,150.241.124.130,443,3.5,DE,FRA,98.94,99.8
91.107.255.196,91.107.255.196,443,3.47,DE,FRA,102.02,109.22
138.124.24.229,138.124.24.229,443,3.45,DE,ARN,121.08,245.62
89.127.203.246,89.127.203.246,443,3.42,DE,FRA,98.34,96.2
37.221.196.59,37.221.196.59,8443,3.41,DE,FRA,99.83,123.71
213.21.246.96,213.21.246.96,443,3.39,DE,MXP,113.22,189.76
37.120.191.140,37.120.191.140,443,3.34,DE,HAM,98.57,144.47
152.53.146.253,152.53.146.253,443,3.34,DE,FRA,95.52,121.05
217.144.189.83,217.144.189.83,443,3.33,DE,FRA,102.98,121.35
37.120.188.105,37.120.188.105,443,3.33,DE,FRA,97.89,125.49
188.214.107.249,188.214.107.249,443,3.3,DE,FRA,90.36,104.21
91.107.255.196,91.107.255.196,8443,3.25,DE,FRA,107.22,107.07
116.203.58.165,116.203.58.165,443,3.22,DE,FRA,94.77,111.19
77.110.96.220,77.110.96.220,443,3.2,DE,MXP,120.08,229.72
167.172.177.95,167.172.177.95,443,3.19,DE,FRA,92.27,105.15
79.132.138.87,79.132.138.87,443,3.16,DE,FRA,97.71,392.54
138.249.8.78,138.249.8.78,443,3.12,DE,FRA,89.51,97.08
37.120.191.140,37.120.191.140,8443,3.1,DE,FRA,98.83,111.95
113.30.189.95,113.30.190.30,443,3.08,DE,FRA,93.26,116.59
45.95.235.210,45.95.235.210,443,3.05,DE,FRA,100.55,113.57
193.26.158.223,193.26.158.223,443,2.99,DE,FRA,93.25,126.41
152.53.138.139,152.53.138.139,8443,2.97,DE,FRA,99.21,124.99
18.184.55.249,18.184.55.249,443,2.9,DE,FRA,89.88,97.74
185.246.223.134,185.246.223.134,443,2.9,DE,FRA,96.09,143.61
83.219.249.189,83.219.249.189,443,2.88,DE,FRA,94.87,107.05
89.58.32.18,89.58.32.18,443,2.85,DE,FRA,99.48,114.1
135.125.191.9,135.125.191.9,443,2.82,DE,FRA,92.65,104.49
152.53.141.9,152.53.141.9,443,2.8,DE,FRA,101.09,115.9
152.53.14.60,152.53.14.60,8443,2.79,DE,FRA,91.79,102.81
80.240.20.43,80.240.20.43,443,2.78,DE,FRA,91.8,99.67
195.133.65.83,195.133.65.83,443,2.78,DE,FRA,92.79,112.88
84.75.76.126,84.75.76.126,443,2.78,DE,FRA,90.35,107.48
37.120.188.105,37.120.188.105,8443,2.78,DE,HAM,97.75,137.71
91.186.212.246,91.186.212.246,443,2.76,DE,MXP,122.32,219.68
152.53.227.239,152.53.227.239,443,2.75,DE,FRA,99.15,131.05
213.21.252.49,213.21.252.49,443,2.74,DE,MXP,112.33,200.34
193.26.157.139,193.26.157.139,8443,2.71,DE,HAM,93.22,137.76
37.221.196.59,37.221.196.59,443,2.66,DE,FRA,102.03,115.67
66.151.40.32,66.151.40.32,443,2.64,DE,FRA,99.25,122.11
142.132.138.95,142.132.138.95,443,2.64,DE,FRA,99.75,109.33
87.120.165.27,87.120.165.27,443,2.63,DE,FRA,106.16,98.87
152.53.226.65,152.53.226.65,443,2.55,DE,FRA,99.56,124.05
147.45.222.87,147.45.222.87,443,2.54,DE,FRA,98.32,110.86
91.108.243.115,91.108.243.115,443,2.52,DE,FRA,101.53,120.02
167.235.149.175,167.235.149.175,443,2.5,DE,FRA,95.26,109.46
193.30.121.134,193.30.121.134,443,2.47,DE,FRA,101.35,110.84
152.53.138.139,152.53.138.139,443,2.42,DE,FRA,98.38,122.85
193.26.157.139,193.26.157.139,443,2.42,DE,HAM,92.39,135.07
159.195.22.104,159.195.22.104,8443,2.39,DE,FRA,97.42,122.36
79.137.205.162,79.137.205.162,443,2.38,DE,FRA,94.11,124.39
91.132.160.255,91.132.160.255,443,2.37,DE,FRA,94.86,130.11
198.186.131.222,198.186.131.222,443,2.36,DE,FRA,91.0,106.82
94.141.123.231,94.141.123.231,443,2.36,DE,FRA,99.17,137.51
194.164.234.186,194.164.234.186,443,2.31,DE,FRA,101.24,95.81
152.53.226.65,152.53.226.65,8443,2.3,DE,FRA,100.5,115.48
185.246.222.178,185.246.222.178,443,2.3,DE,FRA,96.47,114.47
164.90.226.9,164.90.226.9,443,2.29,DE,FRA,93.47,103.93
152.53.87.153,152.53.87.153,443,2.29,DE,FRA,96.72,119.34
164.92.253.242,164.92.253.242,443,2.28,DE,FRA,104.26,119.93
91.149.222.113,91.149.222.113,443,2.26,DE,FRA,94.64,122.94
91.99.227.218,91.99.227.218,443,2.26,DE,FRA,103.19,115.0
91.99.222.109,91.99.222.109,443,2.24,DE,FRA,97.57,112.0
77.90.33.189,77.90.33.189,443,2.22,DE,FRA,95.07,129.3
89.19.209.6,89.19.209.6,443,2.21,DE,FRA,91.39,110.83
152.53.153.86,152.53.153.86,443,2.18,DE,FRA,97.31,110.49
194.34.238.239,194.34.238.239,443,2.15,DE,FRA,101.24,101.86
164.92.178.103,164.92.178.103,443,2.09,DE,FRA,94.8,125.85
152.53.15.96,152.53.15.96,8443,2.08,DE,FRA,94.91,359.62
5.39.249.170,5.39.249.170,443,2.06,DE,FRA,89.33,103.43
198.105.115.82,198.105.115.82,443,2.06,DE,FRA,92.12,95.61
46.101.243.64,46.101.243.64,443,2.05,DE,FRA,92.89,97.3
91.99.57.108,91.99.57.108,443,2.03,DE,FRA,99.35,108.68
135.125.191.9,135.125.191.9,8443,2.01,DE,FRA,91.49,97.83
193.26.158.223,193.26.158.223,8443,1.97,DE,FRA,94.11,118.87
152.53.141.9,152.53.141.9,8443,1.96,DE,FRA,96.38,112.17
138.197.183.219,138.197.183.219,443,1.95,DE,FRA,92.85,104.25
206.251.50.222,206.251.50.222,443,1.93,DE,FRA,88.67,94.7
152.53.15.96,152.53.15.96,443,1.89,DE,FRA,97.48,366.07
85.121.53.39,85.121.53.39,443,1.88,DE,FRA,91.31,97.82
103.13.211.83,103.13.211.83,443,1.88,DE,FRA,88.74,96.78
77.90.45.78,77.90.45.78,443,1.87,DE,FRA,89.81,101.22
194.34.238.138,194.34.238.138,443,1.87,DE,FRA,92.94,105.43
89.58.34.62,89.58.34.62,8443,1.83,DE,FRA,99.45,118.14
91.107.158.77,91.107.158.77,8443,1.82,DE,FRA,94.67,112.74
152.53.137.142,152.53.137.142,8443,1.76,DE,FRA,99.18,108.72
95.181.162.170,95.181.162.170,443,1.75,DE,FRA,100.26,124.31
188.245.102.244,188.245.102.244,443,1.74,DE,FRA,95.22,108.33
152.53.153.86,152.53.153.86,8443,1.73,DE,FRA,96.68,118.18
178.17.48.78,178.17.48.78,443,1.71,DE,FRA,98.58,128.62
87.120.165.27,87.120.165.27,2053,1.71,DE,FRA,93.56,96.11
5.61.47.9,5.61.47.9,443,1.7,DE,FRA,99.76,112.94
146.103.42.140,146.103.42.140,443,1.7,DE,FRA,92.33,111.79
103.56.84.189,103.56.84.189,443,1.68,DE,FRA,91.82,104.49
31.172.75.106,31.172.75.106,443,1.67,DE,FRA,92.35,170.51
193.151.108.0,144.31.216.8,443,1.66,DE,FRA,90.24,111.27
94.159.99.172,94.159.99.172,443,1.65,DE,FRA,95.3,104.59
152.53.137.35,152.53.137.35,443,1.64,DE,FRA,102.33,114.2
84.200.77.75,84.200.77.75,443,1.63,DE,FRA,96.74,99.88
163.5.187.118,163.5.187.118,2053,1.63,DE,FRA,98.47,112.65
80.244.13.193,142.248.1.90,443,1.63,DE,FRA,185.93,192.55
89.58.12.232,89.58.12.232,8443,1.61,DE,FRA,97.29,142.56
64.188.64.147,64.188.64.147,443,1.6,DE,FRA,99.76,111.11
62.133.60.117,62.133.60.117,443,1.6,DE,FRA,92.57,99.05
88.99.92.84,88.99.92.84,443,1.57,DE,FRA,97.19,118.01
178.250.191.208,178.250.191.208,443,1.57,DE,FRA,95.61,105.29
185.9.25.224,185.9.25.224,443,1.57,DE,FRA,87.57,93.22
77.90.33.155,77.90.33.155,443,1.56,DE,FRA,98.12,125.19
89.58.45.162,89.58.45.162,8443,1.52,DE,FRA,99.99,112.01
188.34.205.158,188.34.205.158,443,1.52,DE,FRA,96.48,111.59
193.26.157.75,193.26.157.75,8443,1.51,DE,FRA,91.48,101.91
152.53.146.253,152.53.146.253,8443,1.51,DE,FRA,95.37,119.71
91.107.158.77,91.107.158.77,443,1.51,DE,FRA,97.21,112.81
152.53.146.92,152.53.146.92,443,1.49,DE,FRA,96.12,112.69
193.26.157.75,193.26.157.75,443,1.47,DE,HAM,97.52,123.57
193.26.158.212,193.26.158.212,443,1.45,DE,FRA,101.86,99.47
5.181.187.53,5.181.187.53,443,1.44,DE,FRA,95.63,99.12
89.125.73.168,89.125.73.168,443,1.44,DE,FRA,92.68,111.77
152.53.146.92,152.53.146.92,8443,1.44,DE,FRA,95.56,110.5
89.58.34.62,89.58.34.62,443,1.43,DE,FRA,99.12,118.64
104.128.139.68,104.128.139.68,443,1.43,DE,FRA,97.9,112.5
103.7.55.147,103.7.55.147,8443,1.42,DE,FRA,96.9,123.98
185.103.253.187,185.103.253.187,443,1.41,DE,FRA,100.87,97.77
159.195.20.60,159.195.20.60,8443,1.41,DE,FRA,103.78,118.79
54.37.75.187,54.37.75.187,443,1.41,DE,FRA,98.35,94.59
166.1.36.83,166.1.36.83,443,1.38,DE,CDG,198.98,215.77
185.244.40.219,185.244.40.219,443,1.37,DE,FRA,89.99,113.11
152.53.138.238,152.53.138.238,443,1.37,DE,FRA,95.47,134.97
185.209.82.152,185.209.82.152,443,1.37,DE,FRA,91.03,115.52
167.172.187.174,167.172.187.174,443,1.36,DE,FRA,91.76,110.72
94.141.123.243,109.122.197.45,443,1.36,DE,FRA,92.16,104.87
38.180.166.140,38.180.166.140,443,1.36,DE,FRA,95.7,151.79
92.118.9.85,92.118.9.85,443,1.35,DE,FRA,93.67,94.74
149.104.110.97,149.104.110.97,443,1.34,DE,FRA,92.74,99.51
152.53.178.240,152.53.178.240,8443,1.32,DE,FRA,93.98,125.45
80.244.13.201,142.248.1.97,443,1.31,DE,FRA,201.16,207.48
72.56.106.103,72.56.106.103,443,1.29,DE,FRA,94.49,117.4
152.53.87.153,152.53.87.153,8443,1.29,DE,FRA,99.59,115.91
152.53.15.120,152.53.15.120,443,1.26,DE,FRA,95.04,123.67
89.168.108.209,89.168.108.209,443,1.25,DE,FRA,92.51,98.05
62.133.60.155,62.133.60.155,443,1.23,DE,FRA,90.94,161.66
91.186.219.82,91.186.219.82,443,1.23,DE,MXP,115.24,184.29
91.184.242.250,91.184.242.250,443,1.23,DE,FRA,94.42,140.36
83.147.253.21,83.147.253.21,443,1.22,DE,FRA,112.02,116.13
87.251.88.57,87.251.88.57,443,1.22,DE,FRA,100.93,100.49
83.219.249.208,83.219.249.208,443,1.22,DE,FRA,97.04,101.06
89.34.219.214,89.34.219.214,443,1.19,DE,FRA,97.5,126.64
37.120.190.141,37.120.190.141,8443,1.19,DE,HAM,97.21,136.07
2.27.232.52,162.221.196.42,443,1.18,DE,FRA,117.81,99.62
152.53.137.142,152.53.137.142,443,1.18,DE,FRA,101.42,132.67
104.194.159.193,104.194.159.193,443,1.17,DE,FRA,92.84,107.59
152.53.137.149,152.53.137.149,8443,1.17,DE,FRA,96.53,111.7
193.26.156.79,193.26.156.79,8443,1.16,DE,HAM,104.69,142.96
91.186.212.70,91.186.212.70,443,1.15,DE,MXP,119.13,222.08
109.120.185.37,109.120.185.37,443,1.15,DE,MXP,121.22,198.63
103.7.55.147,103.7.55.147,443,1.14,DE,FRA,96.26,127.27
217.61.0.97,217.61.0.97,443,1.13,DE,FRA,89.83,140.45
77.91.77.91,77.91.77.91,443,1.12,DE,FRA,105.22,99.23
152.53.225.188,152.53.225.188,443,1.09,DE,FRA,96.74,132.54
178.215.238.228,178.215.238.228,8443,1.08,DE,FRA,96.48,320.84
159.195.20.60,159.195.20.60,443,1.08,DE,FRA,98.84,129.73
77.221.155.117,77.221.155.117,443,1.07,DE,FRA,98.59,155.35
94.159.99.72,94.159.99.72,443,1.05,DE,FRA,94.2,102.7
193.135.137.79,193.135.137.79,443,1.05,DE,FRA,89.95,102.08
152.53.118.28,152.53.118.28,8443,1.05,DE,FRA,95.71,138.54
152.53.14.244,152.53.14.244,443,1.02,DE,FRA,94.04,133.55
185.92.183.217,185.92.183.217,443,9.68,FI,ARN,197.5,224.48
31.57.61.252,31.57.61.252,443,9.54,FI,ARN,128.02,207.74
31.57.92.60,31.57.92.60,443,9.01,FI,ARN,108.54,154.32
31.57.105.140,31.57.105.140,443,8.98,FI,ARN,144.87,127.06
45.156.22.107,45.156.22.107,443,8.68,FI,ARN,107.58,135.77
144.31.99.228,144.31.99.228,443,8.33,FI,LHR,119.41,223.89
46.8.64.53,46.8.64.53,443,8.15,FI,ARN,106.3,126.8
185.230.190.148,185.230.190.148,443,7.75,FI,ARN,188.69,150.61
94.183.190.163,94.183.190.163,443,7.46,FI,ARN,111.61,128.55
89.167.77.55,89.167.77.55,443,6.84,FI,HEL,122.74,128.75
31.57.105.139,31.57.105.139,443,6.62,FI,ARN,103.71,136.41
31.59.41.159,31.59.41.159,443,6.61,FI,ARN,103.15,133.05
45.38.143.195,45.38.143.195,443,6.49,FI,ARN,103.75,125.39
31.56.205.135,31.56.205.135,443,6.42,FI,ARN,110.45,130.11
92.42.102.109,92.42.102.109,443,6.13,FI,HEL,102.11,114.75
95.81.126.109,95.81.126.109,443,6.04,FI,RIX,169.04,175.68
62.60.249.50,62.60.249.50,443,5.69,FI,ARN,113.7,134.2
31.56.205.135,31.56.205.135,8443,5.42,FI,ARN,110.84,132.55
46.243.6.54,46.243.6.54,443,5.1,FI,HEL,136.51,179.43
193.109.84.39,193.109.84.39,443,4.97,FI,ARN,104.08,134.43
185.236.24.10,185.236.24.10,443,4.91,FI,ARN,119.79,146.58
92.42.102.109,92.42.102.109,8443,4.89,FI,HEL,106.26,132.39
45.12.146.12,45.12.146.12,443,4.69,FI,ARN,101.01,322.63
37.27.24.143,37.27.24.143,443,4.64,FI,RIX,119.63,143.53
95.217.237.91,95.217.237.91,443,4.61,FI,HEL,122.63,129.61
185.104.250.9,185.104.250.9,443,4.46,FI,ARN,117.39,151.46
85.204.18.79,85.204.18.79,443,4.44,FI,RIX,125.56,172.79
2.26.0.209,2.26.0.209,443,4.4,FI,RIX,106.52,136.24
95.182.115.237,95.182.115.237,443,4.26,FI,ARN,104.01,120.83
46.8.238.24,46.8.238.24,443,4.14,FI,ARN,105.75,138.18
65.109.182.62,65.109.182.62,8443,4.09,FI,RIX,114.13,138.24
193.23.201.26,193.23.201.26,443,4.01,FI,ARN,99.04,151.18
46.8.64.228,46.8.64.228,443,3.98,FI,ARN,107.28,125.76
95.85.250.216,95.85.250.216,443,3.98,FI,HEL,101.73,118.22
62.60.250.39,62.60.250.39,443,3.94,FI,MXP,120.3,201.57
43.245.225.176,43.245.225.176,443,3.93,FI,RIX,119.24,162.29
38.244.139.135,38.244.139.135,443,3.93,FI,ARN,100.07,138.45
45.12.151.185,45.12.151.185,443,3.89,FI,ARN,108.13,138.04
95.85.251.135,95.85.251.135,443,3.8,FI,HEL,102.28,114.45
65.21.16.186,65.108.225.161,443,3.79,FI,HEL,124.07,134.73
193.35.17.55,193.35.17.55,443,3.79,FI,RIX,150.43,228.97
185.239.142.73,185.239.142.73,443,3.72,FI,CPH,125.44,220.87
193.47.60.218,193.47.60.218,443,3.63,FI,RIX,138.68,141.29
2.57.243.22,2.57.243.22,443,3.47,FI,RIX,118.76,198.77
151.241.155.138,151.241.155.138,443,3.46,FI,RIX,123.44,162.18
92.118.234.39,92.118.234.39,443,3.42,FI,ARN,134.65,176.23
65.109.188.1,65.109.188.1,443,3.33,FI,RIX,115.44,134.34
193.84.2.148,193.84.2.148,443,3.32,FI,RIX,104.44,143.82
87.121.82.8,87.121.82.8,443,3.3,FI,ARN,101.41,122.39
193.124.183.92,193.124.183.92,443,3.28,FI,RIX,143.93,153.63
144.31.239.104,144.31.239.104,443,3.27,FI,LHR,121.79,202.62
91.204.74.232,91.204.74.232,443,3.23,FI,RIX,130.36,120.98
144.31.212.58,144.31.212.58,443,3.2,FI,RIX,107.4,143.68
31.13.208.213,31.13.208.213,443,3.17,FI,ARN,101.11,122.8
185.188.181.14,185.188.181.14,443,3.15,FI,ARN,128.95,122.21
104.164.54.81,104.164.54.81,443,3.02,FI,RIX,105.38,136.19
65.109.188.1,65.109.188.1,8443,3.02,FI,RIX,117.57,134.03
185.236.24.10,185.236.24.10,8443,3.02,FI,ARN,165.79,177.75
151.241.221.126,151.241.221.126,443,2.95,FI,HEL,112.31,133.65
37.27.92.255,37.27.92.255,443,2.94,FI,RIX,125.86,140.54
65.109.182.62,65.109.182.62,443,2.92,FI,RIX,116.9,145.04
2.27.42.167,2.27.42.167,443,2.83,FI,ARN,99.36,141.91
45.38.139.79,45.38.139.79,443,2.82,FI,ARN,104.14,160.6
141.105.143.37,141.105.143.37,443,2.77,FI,ARN,122.75,195.45
45.156.22.114,45.156.22.114,443,2.74,FI,ARN,103.84,127.57
212.237.219.99,212.237.219.99,443,2.67,FI,ARN,106.78,130.33
31.56.204.194,31.56.204.194,443,2.67,FI,ARN,104.39,144.12
37.27.92.255,37.27.92.255,8443,2.66,FI,HEL,121.19,129.87
31.59.106.15,31.59.106.15,443,2.54,FI,ARN,109.71,123.95
193.47.60.247,193.47.60.247,443,2.52,FI,ARN,154.77,176.77
62.60.153.148,62.60.153.148,443,2.51,FI,MXP,107.23,185.64
65.109.200.234,65.109.200.234,443,2.51,FI,RIX,117.92,162.73
194.180.189.194,194.180.189.194,443,2.49,FI,HEL,112.82,140.39
45.144.52.100,45.144.52.100,443,2.47,FI,ARN,105.65,134.73
185.254.158.235,185.254.158.235,443,2.42,FI,ARN,110.88,156.13
65.109.200.234,65.109.200.234,8443,2.33,FI,RIX,120.56,140.65
188.130.206.93,188.130.206.93,2053,2.27,FI,ARN,102.48,129.04
109.248.163.191,109.248.163.191,443,2.26,FI,ARN,103.02,130.19
185.232.204.222,185.232.204.222,443,2.2,FI,ARN,107.95,156.59
31.57.106.178,31.57.106.178,443,2.16,FI,ARN,103.07,128.4
109.206.236.211,109.206.236.211,443,2.13,FI,ARN,105.62,128.86
78.153.139.207,78.153.139.207,443,2.13,FI,RIX,153.66,175.05
31.56.227.231,31.56.227.231,443,2.09,FI,ARN,102.36,120.83
185.212.149.7,185.212.149.7,443,2.02,FI,ARN,108.9,127.88
31.59.41.115,31.59.41.115,443,2.0,FI,ARN,112.2,124.35
2.27.42.16,2.27.42.16,443,2.0,FI,ARN,101.48,154.07
135.181.95.131,135.181.95.131,8443,2.0,FI,ARN,117.31,137.18
188.130.206.93,188.130.206.93,443,1.99,FI,ARN,103.3,127.67
138.124.80.249,138.124.80.249,443,1.98,FI,ARN,118.04,129.18
45.67.202.173,45.67.202.173,443,1.97,FI,RIX,116.92,176.1
87.121.89.13,87.121.89.13,443,1.93,FI,HEL,99.96,134.57
84.19.3.71,84.19.3.71,443,1.92,FI,ARN,154.37,179.86
45.12.146.156,45.12.146.156,443,1.9,FI,ARN,113.43,145.81
91.108.241.101,91.108.241.101,443,1.87,FI,ARN,109.52,141.68
194.238.57.103,194.238.57.103,443,1.87,FI,RIX,99.1,141.8
194.39.110.17,194.39.110.17,443,1.87,FI,ARN,107.98,136.77
94.131.100.210,94.131.100.210,443,1.87,FI,RIX,120.62,164.23
188.130.206.87,188.130.206.87,443,1.86,FI,ARN,103.13,129.6
45.14.165.234,45.14.165.234,443,1.84,FI,ARN,105.97,133.19
62.60.229.255,62.60.229.255,443,1.83,FI,ARN,108.08,130.1
144.31.184.200,144.31.184.200,443,1.82,FI,LHR,125.55,215.42
193.164.155.38,193.164.155.38,443,1.78,FI,ARN,106.17,124.87
43.245.225.176,43.245.225.176,8443,1.76,FI,HEL,119.19,145.11
82.26.171.234,82.26.171.234,443,1.75,FI,HEL,116.91,138.43
31.57.92.125,31.57.92.125,443,1.71,FI,ARN,103.61,134.03
168.222.253.59,168.222.253.59,443,1.68,FI,RIX,125.03,159.3
38.244.136.91,38.244.136.91,443,1.67,FI,RIX,99.36,132.55
66.151.35.81,66.151.35.81,443,1.64,FI,HEL,111.75,138.6
185.252.177.73,185.252.177.73,443,1.61,FI,WAW,125.63,149.92
87.239.251.254,87.239.251.254,443,1.59,FI,HEL,158.53,171.21
212.237.219.37,212.237.219.37,443,1.58,FI,HEL,118.9,134.79
2.57.242.152,2.57.242.152,443,1.56,FI,HEL,117.37,140.12
193.164.155.48,193.164.155.48,443,1.53,FI,ARN,109.72,132.45
45.38.170.171,45.38.170.171,443,1.53,FI,ARN,108.7,128.12
95.217.13.36,95.217.13.36,443,1.52,FI,HEL,113.79,125.3
185.242.247.80,185.242.247.80,443,1.5,FI,HEL,104.75,121.73
31.57.106.250,31.57.106.250,443,1.5,FI,ARN,107.69,129.94
212.192.212.100,212.192.212.100,443,1.45,FI,RIX,119.91,159.43
65.109.196.96,65.109.196.96,443,1.45,FI,CPH,120.21,161.02
185.94.167.223,185.94.167.223,443,1.44,FI,RIX,117.13,147.98
65.109.196.96,65.109.196.96,8443,1.44,FI,RIX,120.31,139.83
31.57.105.164,31.57.105.164,443,1.4,FI,ARN,109.54,124.56
91.149.219.49,91.149.219.49,443,1.39,FI,HEL,124.61,134.95
82.40.57.236,82.40.57.236,443,1.33,FI,HEL,113.31,145.57
213.165.59.61,213.165.59.61,443,1.29,FI,HEL,100.86,109.88
138.124.80.249,138.124.80.249,8443,1.28,FI,HEL,150.43,179.13
45.12.70.200,45.12.70.200,443,1.28,FI,OSL,132.73,183.49
45.144.53.184,45.144.53.184,443,1.27,FI,HEL,98.37,115.95
144.31.217.95,144.31.217.95,443,1.25,FI,ARN,130.24,124.67
31.57.105.90,31.57.105.90,443,1.25,FI,ARN,109.57,124.29
185.221.163.129,185.221.163.129,443,1.25,FI,HEL,131.33,161.93
91.217.76.192,91.217.76.192,443,1.22,FI,HEL,108.83,117.61
31.58.137.94,31.58.137.94,443,1.22,FI,ARN,105.5,128.14
66.151.34.215,66.151.34.215,8443,1.22,FI,ARN,107.96,137.2
82.25.185.97,82.25.185.97,443,1.21,FI,HEL,119.37,146.06
135.181.95.131,135.181.95.131,443,1.2,FI,ARN,120.78,138.93
193.164.128.133,193.164.128.133,443,1.18,FI,ARN,115.89,150.85
95.216.57.173,95.216.57.173,8443,1.17,FI,HEL,115.69,123.94
45.80.231.90,45.80.231.90,443,1.17,FI,ARN,129.07,161.56
65.21.62.180,65.21.62.180,443,1.16,FI,TLL,123.56,129.93
46.38.156.183,46.38.156.183,443,1.16,FI,ARN,131.8,180.6
217.19.4.242,217.19.4.242,443,1.14,FI,ARN,106.99,144.68
217.179.49.217,217.179.49.217,443,1.13,FI,RIX,106.94,126.42
95.217.135.173,95.217.135.173,443,1.13,FI,HEL,123.61,127.81
65.108.245.196,65.108.245.196,443,1.12,FI,ARN,114.17,145.52
212.87.222.32,212.87.222.32,443,1.11,FI,OSL,140.66,170.8
138.124.244.95,138.124.244.95,443,1.1,FI,ARN,159.75,188.69
151.241.229.124,151.241.229.124,443,1.09,FI,RIX,121.48,164.31
2.56.173.3,2.56.173.3,443,1.03,FI,RIX,152.58,172.64
89.125.57.253,89.125.57.253,443,1.03,FI,RIX,136.13,171.9
81.19.139.135,81.19.139.135,443,1.02,FI,ARN,136.38,164.58
64.188.93.187,64.188.93.187,443,1.01,FI,ARN,109.17,190.64
89.125.81.129,89.125.81.129,443,1.01,FI,RIX,103.02,136.13
217.177.44.117,217.177.44.117,443,1.01,FI,ARN,134.73,173.45
94.131.118.92,94.131.118.92,443,13.85,FR,CDG,92.08,126.3
51.91.251.149,51.91.251.149,8443,12.9,FR,CDG,127.49,141.62
37.59.97.139,37.59.97.139,443,12.63,FR,CDG,102.31,280.5
51.91.251.149,51.91.251.149,443,11.64,FR,CDG,127.99,142.55
51.91.250.218,51.91.250.218,8443,10.8,FR,CDG,92.14,118.52
37.59.125.113,37.59.125.113,8443,10.44,FR,CDG,92.14,96.93
37.59.97.139,37.59.97.139,8443,10.39,FR,CDG,97.32,196.31
51.91.251.144,51.91.251.144,443,10.02,FR,CDG,104.12,143.0
51.91.250.218,51.91.250.218,443,9.4,FR,CDG,108.64,117.08
37.59.96.47,37.59.96.47,8443,9.29,FR,CDG,90.11,105.97
37.59.125.113,37.59.125.113,443,8.95,FR,CDG,90.54,105.98
51.91.248.61,51.91.248.61,443,8.89,FR,CDG,95.09,122.83
51.91.251.153,51.91.251.153,443,8.85,FR,CDG,129.91,145.8
51.91.251.153,51.91.251.153,8443,8.57,FR,CDG,102.92,122.54
51.91.251.144,51.91.251.144,8443,8.42,FR,CDG,118.3,125.41
88.218.78.48,88.218.78.48,443,8.32,FR,FRA,95.97,139.59
51.91.251.37,51.91.251.37,8443,8.2,FR,CDG,95.08,99.75
149.33.1.252,149.33.1.252,443,8.07,FR,CDG,81.25,106.89
51.178.141.36,51.178.141.36,8443,7.91,FR,CDG,89.89,149.43
51.178.141.36,51.178.141.36,443,7.8,FR,CDG,85.74,127.56
51.91.251.43,51.91.251.43,443,7.65,FR,CDG,88.07,118.76
51.91.250.92,51.91.250.92,8443,7.52,FR,CDG,87.64,102.71
51.91.253.174,51.91.253.174,443,7.28,FR,CDG,101.36,108.13
51.91.249.154,51.91.249.154,443,7.03,FR,CDG,103.03,116.77
51.91.251.37,51.91.251.37,443,6.98,FR,CDG,91.33,105.05
51.91.248.38,51.91.248.38,8443,6.92,FR,CDG,89.8,110.76
51.91.249.154,51.91.249.154,8443,6.7,FR,CDG,103.27,118.43
37.59.96.47,37.59.96.47,443,6.53,FR,CDG,97.82,104.2
51.178.29.175,51.178.29.175,443,6.45,FR,CDG,88.01,117.02
51.91.248.253,51.91.248.253,8443,6.0,FR,CDG,110.71,113.08
51.91.253.174,51.91.253.174,8443,5.91,FR,CDG,92.78,109.09
51.91.251.43,51.91.251.43,8443,5.87,FR,CDG,88.88,106.52
84.247.166.22,84.247.166.22,443,5.53,FR,FRA,99.82,103.45
51.91.248.38,51.91.248.38,443,5.42,FR,CDG,89.86,120.25
51.91.248.157,51.91.248.157,8443,5.42,FR,CDG,89.82,107.0
51.91.255.152,51.91.255.152,8443,5.39,FR,CDG,88.43,116.03
51.91.252.174,51.91.252.174,443,5.36,FR,CDG,87.34,112.64
82.70.232.70,82.70.232.70,443,5.16,FR,MRS,86.0,96.07
37.59.97.140,37.59.97.140,443,5.05,FR,CDG,87.63,110.54
152.228.217.69,152.228.217.69,8443,4.97,FR,CDG,88.57,105.16
51.178.29.175,51.178.29.175,8443,4.71,FR,CDG,87.41,102.69
51.91.248.253,51.91.248.253,443,4.71,FR,CDG,114.44,99.04
51.91.253.218,51.91.253.218,8443,4.59,FR,CDG,84.55,105.0
51.91.253.62,51.91.253.62,443,4.55,FR,CDG,86.42,131.37
152.228.217.69,152.228.217.69,443,4.5,FR,CDG,90.33,100.4
185.10.17.137,185.10.17.137,443,4.49,FR,CDG,85.5,125.41
51.91.248.157,51.91.248.157,443,4.32,FR,CDG,88.23,105.46
51.178.162.166,51.178.162.166,443,4.19,FR,CDG,88.0,106.07
51.91.248.61,51.91.248.61,8443,4.13,FR,CDG,93.7,103.14
51.91.253.112,51.91.253.112,443,4.13,FR,CDG,88.77,104.92
51.91.252.174,51.91.252.174,8443,3.91,FR,CDG,87.4,105.42
51.91.253.62,51.91.253.62,8443,3.87,FR,CDG,86.69,127.69
152.228.216.146,152.228.216.146,443,3.82,FR,CDG,97.17,94.23
51.91.250.33,51.91.250.33,8443,3.79,FR,CDG,91.01,128.16
51.91.254.158,51.91.254.158,8443,3.77,FR,CDG,89.08,110.56
51.91.249.198,51.91.249.198,8443,3.71,FR,CDG,86.39,104.49
51.91.250.152,51.91.250.152,8443,3.66,FR,CDG,89.16,102.7
31.56.48.199,31.56.48.199,443,3.63,FR,CDG,97.99,182.19
152.228.216.146,152.228.216.146,8443,3.61,FR,CDG,90.89,99.73
152.228.134.60,152.228.134.60,8443,3.59,FR,FRA,95.22,111.61
51.91.253.113,51.91.253.113,443,3.56,FR,CDG,89.4,128.71
37.59.97.140,37.59.97.140,8443,3.56,FR,CDG,86.64,121.7
51.91.249.198,51.91.249.198,443,3.54,FR,CDG,86.44,113.19
51.91.250.33,51.91.250.33,443,3.53,FR,CDG,90.16,105.34
51.91.255.23,51.91.255.23,443,3.47,FR,CDG,86.26,104.38
51.91.254.57,51.91.254.57,8443,3.41,FR,CDG,86.46,101.91
51.91.255.152,51.91.255.152,443,3.34,FR,CDG,87.15,122.16
51.91.254.189,51.91.254.189,443,3.34,FR,CDG,86.18,105.21
51.91.249.37,51.91.249.37,443,3.28,FR,CDG,91.05,107.73
51.91.250.152,51.91.250.152,443,3.26,FR,CDG,86.5,109.43
51.77.141.212,51.77.141.212,443,3.26,FR,FRA,89.77,130.37
51.91.252.191,51.91.252.191,443,3.25,FR,CDG,85.14,100.5
51.91.249.115,51.91.249.115,443,3.23,FR,CDG,84.88,137.15
51.91.253.218,51.91.253.218,443,3.23,FR,CDG,86.71,110.78
51.91.252.191,51.91.252.191,8443,3.23,FR,CDG,86.8,105.1
94.183.186.102,94.183.186.102,443,3.22,FR,CDG,87.92,106.81
51.91.249.37,51.91.249.37,8443,3.2,FR,CDG,85.28,144.26
51.91.254.22,51.91.254.22,8443,3.13,FR,CDG,89.53,102.68
51.91.250.92,51.91.250.92,443,3.12,FR,CDG,85.32,101.38
152.228.134.60,152.228.134.60,443,3.11,FR,FRA,99.72,106.26
51.178.27.222,51.178.27.222,8443,3.11,FR,CDG,86.07,102.22
51.91.255.121,51.91.255.121,443,3.06,FR,CDG,87.02,106.38
51.91.249.29,51.91.249.29,443,3.03,FR,CDG,88.36,133.42
45.12.133.99,45.12.133.99,443,3.01,FR,CDG,88.79,395.75
51.91.255.121,51.91.255.121,8443,3.0,FR,CDG,85.45,108.43
51.38.44.17,51.38.44.17,443,2.97,FR,CDG,93.39,116.29
51.91.251.189,51.91.251.189,443,2.94,FR,CDG,85.68,111.52
51.77.140.254,51.77.140.254,8443,2.94,FR,FRA,108.38,106.32
45.95.172.206,45.95.172.206,443,2.94,FR,FRA,108.39,126.64
152.228.216.172,152.228.216.172,443,2.93,FR,CDG,85.07,119.01
51.91.250.245,51.91.250.245,443,2.89,FR,CDG,85.02,101.77
51.91.249.9,51.91.249.9,8443,2.87,FR,CDG,85.07,103.59
51.91.249.29,51.91.249.29,8443,2.86,FR,CDG,87.56,118.03
51.91.254.99,51.91.254.99,443,2.84,FR,CDG,89.97,106.84
51.91.249.115,51.91.249.115,8443,2.83,FR,CDG,84.69,130.07
51.91.255.197,51.91.255.197,8443,2.82,FR,CDG,94.16,97.84
51.91.254.189,51.91.254.189,8443,2.82,FR,CDG,85.84,110.5
51.91.254.57,51.91.254.57,443,2.8,FR,CDG,84.24,107.48
51.91.253.113,51.91.253.113,8443,2.79,FR,CDG,91.05,117.28
51.77.141.212,51.77.141.212,8443,2.77,FR,FRA,93.47,102.13
51.178.27.222,51.178.27.222,443,2.74,FR,CDG,86.65,106.9
37.59.96.21,37.59.96.21,443,2.71,FR,CDG,86.92,107.0
62.84.183.222,62.84.183.222,443,2.71,FR,FRA,91.17,108.55
38.180.240.91,38.180.240.91,443,2.7,FR,CDG,88.98,123.17
51.91.251.87,51.91.251.87,443,2.67,FR,CDG,88.47,117.03
51.91.254.158,51.91.254.158,443,2.67,FR,CDG,89.14,101.93
51.91.254.22,51.91.254.22,443,2.65,FR,CDG,90.43,114.27
51.77.140.254,51.77.140.254,443,2.62,FR,FRA,112.1,101.46
51.91.254.100,51.91.254.100,8443,2.53,FR,CDG,87.49,113.33
51.91.253.112,51.91.253.112,8443,2.53,FR,CDG,84.86,99.0
51.91.254.99,51.91.254.99,8443,2.49,FR,CDG,86.52,110.56
51.91.254.100,51.91.254.100,443,2.49,FR,CDG,90.19,108.59
152.228.216.172,152.228.216.172,8443,2.45,FR,CDG,86.57,111.68
152.228.191.232,152.228.191.1,443,2.42,FR,CDG,92.3,100.61
51.91.248.218,51.91.248.218,8443,2.39,FR,CDG,85.78,108.62
51.91.254.50,51.91.254.50,443,2.37,FR,CDG,87.15,105.56
51.91.254.173,51.91.254.173,8443,2.34,FR,CDG,89.83,119.0
51.91.248.218,51.91.248.218,443,2.28,FR,CDG,88.37,108.61
31.56.176.44,31.56.176.44,443,2.23,FR,CDG,85.33,114.86
51.91.251.87,51.91.251.87,8443,2.23,FR,CDG,93.28,106.36
5.189.161.87,5.189.161.87,443,2.2,FR,CDG,92.7,125.9
51.91.249.9,51.91.249.9,443,2.14,FR,CDG,88.38,99.55
147.90.26.53,23.168.88.2,443,2.12,FR,CDG,244.25,230.88
62.84.183.222,62.84.183.222,8443,2.11,FR,FRA,88.83,105.48
147.90.26.82,23.168.88.75,443,2.1,FR,CDG,184.53,192.63
51.91.255.97,51.91.255.97,443,2.07,FR,CDG,94.79,107.58
37.59.96.48,37.59.96.48,443,1.98,FR,CDG,96.65,95.61
147.90.26.57,23.168.88.183,443,1.94,FR,CDG,188.67,265.38
51.91.253.60,51.91.253.60,8443,1.93,FR,CDG,85.79,118.36
51.91.254.153,51.91.254.153,8443,1.78,FR,CDG,86.33,111.01
51.91.252.213,51.91.252.213,8443,1.73,FR,CDG,87.15,103.7
51.91.251.31,51.91.251.31,443,1.7,FR,CDG,89.39,100.86
37.59.96.21,37.59.96.21,8443,1.68,FR,CDG,87.5,105.32
94.183.187.37,94.183.187.37,443,1.68,FR,CDG,99.67,120.03
51.91.254.177,51.91.254.177,443,1.67,FR,CDG,90.47,100.19
51.91.251.160,51.91.251.160,8443,1.66,FR,CDG,84.27,99.27
88.218.78.167,88.218.78.167,443,1.65,FR,FRA,98.8,133.93
51.91.249.45,51.91.249.45,8443,1.64,FR,CDG,88.27,100.0
62.133.62.66,62.133.62.66,443,1.64,FR,CDG,200.41,204.55
51.91.250.77,51.91.250.77,8443,1.63,FR,CDG,90.93,103.49
51.178.141.191,51.178.141.191,8443,1.6,FR,CDG,89.46,102.18
51.91.251.189,51.91.251.189,8443,1.59,FR,CDG,90.93,106.41
51.91.255.23,51.91.255.23,8443,1.58,FR,CDG,84.35,103.4
51.77.141.117,51.77.141.117,8443,1.57,FR,FRA,88.99,102.01
147.90.26.85,23.168.88.43,443,1.57,FR,CDG,198.53,203.41
147.90.26.9,23.168.88.104,443,1.56,FR,CDG,185.09,206.66
152.228.135.5,152.228.135.5,8443,1.51,FR,FRA,94.34,99.07
147.90.26.13,23.168.88.8,443,1.51,FR,CDG,183.42,198.27
51.178.141.191,51.178.141.191,443,1.49,FR,CDG,93.86,95.96
147.90.26.48,23.168.88.108,443,1.49,FR,CDG,197.04,205.1
37.59.97.133,37.59.97.133,8443,1.48,FR,CDG,86.4,103.98
147.90.26.78,23.168.88.159,443,1.47,FR,CDG,194.17,217.1
51.91.249.223,51.91.249.223,443,1.47,FR,CDG,87.19,104.84
147.90.26.94,23.168.88.27,443,1.47,FR,CDG,191.16,202.29
51.91.254.177,51.91.254.177,8443,1.46,FR,CDG,85.54,103.26
147.90.26.70,23.168.88.127,443,1.45,FR,CDG,195.85,206.94
51.91.254.50,51.91.254.50,8443,1.45,FR,CDG,89.59,98.55
51.91.248.99,51.91.248.99,8443,1.45,FR,CDG,93.18,108.55
147.90.26.30,23.168.88.151,443,1.45,FR,CDG,183.9,189.96
51.91.254.153,51.91.254.153,443,1.44,FR,CDG,85.98,113.17
147.90.26.28,23.168.88.190,443,1.44,FR,CDG,197.83,208.35
37.59.96.25,37.59.96.25,8443,1.44,FR,CDG,88.39,98.48
147.90.26.63,23.168.88.125,443,1.43,FR,CDG,199.28,209.55
147.90.26.90,23.168.88.213,443,1.42,FR,CDG,242.81,333.37
147.90.26.92,23.168.88.143,443,1.42,FR,CDG,189.05,196.33
147.90.26.51,23.168.88.97,443,1.42,FR,CDG,186.67,195.05
147.90.26.58,23.168.88.230,443,1.41,FR,CDG,200.27,231.01
194.116.217.20,194.116.217.20,443,1.41,FR,CDG,83.98,102.61
51.91.254.173,51.91.254.173,443,1.41,FR,CDG,86.85,101.98
147.90.26.35,23.168.88.163,443,1.4,FR,CDG,200.99,214.6
141.94.78.246,141.94.78.246,443,1.4,FR,CDG,88.25,104.25
147.90.26.43,23.168.88.59,443,1.4,FR,CDG,203.46,270.36
147.90.26.10,23.168.88.33,443,1.38,FR,CDG,203.79,204.11
147.90.26.18,23.168.88.51,443,1.36,FR,CDG,196.33,195.96
147.90.26.91,23.168.88.110,443,1.36,FR,CDG,194.75,229.58
51.91.254.78,51.91.254.78,443,1.35,FR,CDG,89.14,113.7
147.90.26.37,23.168.88.31,443,1.35,FR,CDG,204.96,218.26
51.91.248.251,51.91.248.251,443,1.34,FR,CDG,94.05,140.24
147.90.26.22,23.168.88.76,443,1.34,FR,CDG,203.02,225.45
51.91.255.97,51.91.255.97,8443,1.33,FR,CDG,85.13,100.46
173.212.224.25,173.212.224.25,443,1.31,FR,FRA,89.98,105.23
147.90.26.66,23.168.88.223,443,1.3,FR,CDG,193.18,202.8
147.90.26.31,23.168.88.145,443,1.29,FR,CDG,195.2,201.9
51.91.255.163,51.91.255.163,8443,1.28,FR,CDG,86.43,99.92
51.91.255.197,51.91.255.197,443,1.28,FR,CDG,86.31,101.09
37.60.229.47,37.60.229.47,443,1.28,FR,FRA,89.57,127.83
51.91.250.245,51.91.250.245,8443,1.28,FR,CDG,86.76,101.18
51.91.249.45,51.91.249.45,443,1.26,FR,CDG,85.81,105.25
147.90.26.34,23.168.88.95,443,1.25,FR,CDG,199.76,205.84
51.91.251.16,51.91.251.16,443,1.24,FR,CDG,88.26,102.5
51.91.250.77,51.91.250.77,443,1.24,FR,CDG,91.02,109.57
151.244.132.39,23.168.88.223,443,1.21,FR,CDG,209.41,213.12
51.77.141.117,51.77.141.117,443,1.19,FR,FRA,89.98,101.94
51.91.249.209,51.91.249.209,443,1.19,FR,CDG,87.05,100.28
51.91.249.223,51.91.249.223,8443,1.18,FR,CDG,88.19,102.32
51.91.248.99,51.91.248.99,443,1.15,FR,CDG,87.88,101.09
37.59.97.136,37.59.97.136,443,1.14,FR,CDG,89.81,99.49
37.59.96.48,37.59.96.48,8443,1.13,FR,CDG,87.33,103.77
51.91.251.31,51.91.251.31,8443,1.11,FR,CDG,85.53,99.5
147.90.26.17,23.168.88.174,443,1.08,FR,CDG,203.75,220.91
147.90.26.7,23.168.88.85,443,1.08,FR,CDG,198.98,219.76
37.59.97.135,37.59.97.135,443,1.07,FR,CDG,86.88,160.44
37.59.96.50,37.59.96.50,8443,1.07,FR,CDG,110.41,97.5
51.91.250.21,51.91.250.21,8443,1.04,FR,CDG,85.23,143.31
147.90.26.20,23.168.88.178,443,1.04,FR,CDG,207.36,216.98
147.90.26.42,23.168.88.48,443,1.03,FR,CDG,202.52,200.71
147.90.26.3,23.168.88.139,443,1.03,FR,CDG,201.52,203.33
147.90.26.86,23.168.88.92,443,1.03,FR,CDG,202.09,209.58
51.91.252.200,51.91.252.200,8443,1.02,FR,CDG,89.47,114.41
158.178.215.52,158.178.215.52,443,1.01,FR,CDG,86.93,109.3
57.129.137.205,57.129.137.205,8443,22.94,GB,LHR,130.46,128.67
57.128.181.247,57.128.181.247,443,20.49,GB,LHR,111.08,134.52
57.128.183.90,57.128.183.90,8443,18.44,GB,LHR,91.13,143.96
57.128.176.37,57.128.176.37,8443,18.33,GB,LHR,112.06,391.93
57.129.137.240,57.129.137.240,443,18.04,GB,LHR,99.01,109.79
57.128.183.248,57.128.183.248,443,16.64,GB,LHR,90.28,171.29
57.128.176.37,57.128.176.37,443,15.99,GB,LHR,119.64,140.45
57.128.181.247,57.128.181.247,8443,13.79,GB,LHR,154.84,94.61
146.19.230.133,146.19.230.133,443,13.38,GB,LHR,83.22,276.34
109.169.76.23,109.169.76.23,443,12.99,GB,LHR,83.06,89.44
57.129.137.227,57.129.137.227,8443,12.65,GB,LHR,77.33,87.36
57.129.137.95,57.129.137.95,443,11.9,GB,LHR,131.24,165.79
57.128.178.79,57.128.178.79,443,11.67,GB,LHR,81.67,116.03
57.128.183.90,57.128.183.90,443,11.49,GB,LHR,90.5,173.3
57.129.137.229,57.129.137.229,8443,11.17,GB,LHR,74.93,91.88
57.129.137.240,57.129.137.240,8443,10.97,GB,LHR,108.67,157.56
57.129.137.229,57.129.137.229,443,10.8,GB,LHR,86.57,97.61
57.128.183.137,57.128.183.137,443,9.82,GB,LHR,75.85,110.79
57.128.183.107,57.128.183.107,8443,9.25,GB,LHR,90.15,110.79
57.129.137.233,57.129.137.233,443,9.24,GB,LHR,77.12,94.3
57.128.178.79,57.128.178.79,8443,9.18,GB,LHR,82.4,97.89
140.235.74.26,140.235.74.26,443,8.89,GB,LHR,82.28,97.27
57.129.137.76,57.129.137.76,8443,8.83,GB,LHR,75.14,97.81
57.129.137.227,57.129.137.227,443,8.81,GB,LHR,83.06,105.26
57.129.137.228,57.129.137.228,8443,8.72,GB,LHR,84.24,94.99
18.134.196.127,18.134.196.127,443,8.43,GB,LHR,78.01,89.13
91.132.95.212,91.132.95.212,443,8.21,GB,LHR,76.43,262.96
57.128.183.214,57.128.183.214,443,8.1,GB,LHR,75.13,89.27
68.168.31.169,68.168.31.164,443,8.07,GB,LHR,78.01,91.79
57.128.179.9,57.128.179.9,8443,7.81,GB,LHR,77.92,85.45
57.128.183.13,57.128.183.13,443,7.76,GB,LHR,84.75,87.78
57.128.179.254,57.128.179.254,8443,7.76,GB,LHR,84.02,108.33
57.129.137.242,57.129.137.242,8443,7.7,GB,LHR,78.94,114.96
57.128.183.137,57.128.183.137,8443,7.59,GB,LHR,85.69,122.51
18.130.235.174,18.130.235.174,443,7.55,GB,LHR,77.99,92.9
57.129.137.87,57.129.137.87,443,7.4,GB,LHR,78.44,99.08
57.129.137.65,57.129.137.65,8443,7.38,GB,LHR,77.37,98.33
57.128.179.45,57.128.179.45,8443,7.21,GB,LHR,77.69,93.11
57.129.137.233,57.129.137.233,8443,7.18,GB,LHR,81.6,88.96
57.128.183.248,57.128.183.248,8443,7.13,GB,LHR,84.18,292.56
57.129.137.95,57.129.137.95,8443,7.11,GB,LHR,122.33,135.69
57.129.137.68,57.129.137.68,8443,7.04,GB,LHR,77.09,89.93
18.170.77.148,18.170.77.148,443,6.98,GB,LHR,83.84,196.85
57.129.137.228,57.129.137.228,443,6.91,GB,LHR,81.72,110.53
57.129.137.209,57.129.137.209,8443,6.91,GB,LHR,79.55,80.32
57.128.180.98,57.128.180.98,443,6.86,GB,LHR,95.49,122.41
57.128.176.82,57.128.176.82,8443,6.82,GB,LHR,74.25,95.83
57.129.137.90,57.129.137.90,8443,6.77,GB,LHR,81.51,110.55
37.157.242.193,37.157.242.6,443,6.73,GB,LHR,79.16,95.79
57.129.137.220,57.129.137.220,443,6.64,GB,LHR,82.46,124.38
57.128.183.214,57.128.183.214,8443,6.53,GB,LHR,81.59,94.47
57.129.137.235,57.129.137.235,443,6.47,GB,LHR,89.32,93.3
57.129.137.83,57.129.137.83,8443,6.27,GB,LHR,76.36,90.66
57.128.183.142,57.128.183.142,8443,6.15,GB,LHR,75.33,84.58
57.129.137.83,57.129.137.83,443,6.08,GB,LHR,84.42,91.24
57.129.137.242,57.129.137.242,443,6.08,GB,LHR,76.0,106.98
91.149.238.31,91.149.238.31,443,6.02,GB,LHR,76.76,160.25
57.129.137.65,57.129.137.65,443,6.02,GB,LHR,76.88,88.07
57.128.176.147,57.128.176.147,443,5.83,GB,LHR,85.07,86.41
57.128.181.26,57.128.181.26,8443,5.79,GB,LHR,76.19,80.37
57.129.137.215,57.129.137.215,443,5.75,GB,LHR,78.17,84.84
57.129.137.220,57.129.137.220,8443,5.72,GB,LHR,75.67,108.29
57.128.183.79,57.128.183.79,8443,5.71,GB,LHR,76.23,92.13
57.129.137.235,57.129.137.235,8443,5.68,GB,LHR,100.5,85.43
57.128.179.189,57.128.179.189,443,5.67,GB,LHR,124.35,87.6
57.128.183.79,57.128.183.79,443,5.6,GB,LHR,74.5,81.97
57.129.137.217,57.129.137.217,443,5.6,GB,LHR,77.19,81.07
57.129.137.205,57.129.137.205,443,5.53,GB,LHR,174.38,122.35
57.128.179.254,57.128.179.254,443,5.42,GB,LHR,76.54,89.25
57.128.177.185,57.128.177.185,8443,5.42,GB,LHR,77.54,95.44
57.128.179.189,57.128.179.189,8443,5.31,GB,LHR,115.9,106.63
57.129.137.87,57.129.137.87,8443,5.31,GB,LHR,82.09,95.23
57.129.137.52,57.129.137.52,8443,5.25,GB,LHR,74.81,83.24
57.128.178.63,57.128.178.63,443,5.25,GB,LHR,75.88,92.32
57.128.176.87,57.128.176.87,8443,5.19,GB,LHR,76.81,96.06
57.129.137.209,57.129.137.209,443,5.18,GB,LHR,82.46,86.3
57.129.137.239,57.129.137.239,443,5.05,GB,LHR,83.33,88.11
57.128.182.27,57.128.182.27,443,4.98,GB,LHR,77.89,110.85
57.128.183.107,57.128.183.107,443,4.86,GB,LHR,139.73,92.54
57.129.137.217,57.129.137.217,8443,4.85,GB,LHR,76.83,90.34
57.129.137.206,57.129.137.206,8443,4.82,GB,LHR,77.23,81.51
185.217.110.23,185.217.110.23,443,4.78,GB,LHR,77.82,110.66
57.129.137.221,57.129.137.221,8443,4.76,GB,LHR,75.38,97.49
87.106.65.110,87.106.65.110,443,4.76,GB,LHR,95.2,131.38
2.56.179.89,2.56.179.89,443,4.69,GB,LHR,86.56,96.81
57.128.181.26,57.128.181.26,443,4.68,GB,LHR,75.42,80.46
57.129.137.84,57.129.137.84,8443,4.67,GB,LHR,78.16,127.79
57.128.176.87,57.128.176.87,443,4.58,GB,LHR,80.85,89.47
57.129.137.73,57.129.137.73,443,4.57,GB,LHR,75.01,82.72
57.128.179.9,57.128.179.9,443,4.56,GB,LHR,76.76,84.04
57.129.137.96,57.129.137.96,8443,4.54,GB,LHR,79.84,88.63
57.128.180.98,57.128.180.98,8443,4.48,GB,LHR,94.39,126.68
57.128.180.80,57.128.180.80,443,4.48,GB,LHR,77.84,83.07
57.128.183.196,57.128.183.196,443,4.38,GB,LHR,75.97,91.77
194.147.35.63,194.147.35.63,443,4.35,GB,LHR,85.08,103.14
57.129.137.197,57.129.137.197,443,4.33,GB,LHR,77.99,84.98
57.129.137.94,57.129.137.94,8443,4.32,GB,LHR,77.32,98.18
185.212.62.204,185.212.62.204,443,4.31,GB,LHR,76.38,84.84
57.128.179.10,57.128.179.10,443,4.29,GB,LHR,80.46,91.56
57.129.137.239,57.129.137.239,8443,4.29,GB,LHR,87.86,87.91
57.128.183.245,57.128.183.245,8443,4.26,GB,LHR,78.49,84.74
78.129.165.129,84.22.164.30,443,4.25,GB,LHR,80.02,96.06
57.129.137.206,57.129.137.206,443,4.2,GB,LHR,83.86,84.29
57.128.179.45,57.128.179.45,443,4.19,GB,LHR,78.58,96.68
91.228.10.248,91.228.10.248,443,4.19,GB,LHR,81.81,103.65
57.129.137.221,57.129.137.221,443,4.17,GB,LHR,91.05,81.24
57.128.183.225,57.128.183.225,8443,4.16,GB,LHR,77.25,90.95
103.13.208.242,103.13.208.242,443,4.16,GB,LHR,91.8,79.22
57.129.137.197,57.129.137.197,8443,4.15,GB,LHR,81.78,101.82
57.128.177.198,57.128.177.198,8443,4.0,GB,LHR,75.0,82.79
57.128.176.82,57.128.176.82,443,4.0,GB,LHR,75.48,99.03
57.128.183.77,57.128.183.77,8443,3.98,GB,LHR,75.95,81.54
57.129.137.76,57.129.137.76,443,3.91,GB,LHR,82.41,92.06
57.128.181.91,57.128.181.91,8443,3.9,GB,LHR,80.62,95.37
57.128.183.77,57.128.183.77,443,3.84,GB,LHR,77.45,84.49
57.129.137.215,57.129.137.215,8443,3.82,GB,LHR,75.52,85.19
57.129.137.72,57.129.137.72,8443,3.8,GB,LHR,76.66,89.66
129.151.74.25,129.151.74.25,443,3.79,GB,LHR,110.66,126.7
185.132.39.46,185.132.39.46,443,3.69,GB,LHR,94.32,109.63
57.128.181.24,57.128.181.24,443,3.69,GB,LHR,75.58,84.84
57.129.137.90,57.129.137.90,443,3.69,GB,LHR,76.31,90.19
57.129.137.77,57.129.137.77,8443,3.65,GB,LHR,75.33,84.33
57.128.176.147,57.128.176.147,8443,3.63,GB,LHR,77.7,86.92
57.129.137.216,57.129.137.216,443,3.6,GB,LHR,76.58,83.91
57.128.183.13,57.128.183.13,8443,3.52,GB,LHR,77.18,82.37
57.128.183.59,57.128.183.59,8443,3.5,GB,LHR,80.79,96.23
57.128.177.22,57.128.177.22,8443,3.48,GB,LHR,77.12,87.33
57.128.179.10,57.128.179.10,8443,3.47,GB,LHR,76.19,83.25
57.128.177.185,57.128.177.185,443,3.47,GB,LHR,78.07,97.7
57.129.137.82,57.129.137.82,443,3.46,GB,LHR,76.43,90.78
57.128.183.196,57.128.183.196,8443,3.45,GB,LHR,85.57,95.56
34.39.62.53,34.39.62.53,443,3.44,GB,LHR,77.14,86.51
57.129.137.86,57.129.137.86,443,3.44,GB,LHR,76.46,84.87
57.129.137.232,57.129.137.232,8443,3.42,GB,LHR,89.18,81.24
57.128.183.59,57.128.183.59,443,3.41,GB,LHR,77.88,99.03
79.72.91.32,79.72.91.32,443,3.38,GB,LHR,82.58,94.92
57.129.137.60,57.129.137.60,8443,3.37,GB,LHR,79.26,93.26
57.129.137.68,57.129.137.68,443,3.36,GB,LHR,76.86,88.38
57.128.183.40,57.128.183.40,443,3.35,GB,LHR,74.13,86.85
57.129.137.94,57.129.137.94,443,3.34,GB,LHR,86.61,98.2
141.147.114.60,141.147.114.60,443,3.31,GB,LHR,81.91,95.84
57.129.137.243,57.129.137.243,443,3.3,GB,LHR,75.03,82.63
57.129.137.64,57.129.137.64,8443,3.29,GB,LHR,77.47,82.83
57.129.137.216,57.129.137.216,8443,3.29,GB,LHR,84.83,83.71
57.128.183.142,57.128.183.142,443,3.27,GB,LHR,76.88,83.42
57.129.137.213,57.129.137.213,8443,3.2,GB,LHR,82.78,87.24
57.128.177.22,57.128.177.22,443,3.14,GB,LHR,85.01,92.61
57.128.177.172,57.128.177.172,8443,3.09,GB,LHR,77.46,95.1
57.128.182.27,57.128.182.27,8443,3.06,GB,LHR,80.32,89.56
57.129.137.211,57.129.137.211,8443,3.05,GB,LHR,75.31,94.51
57.129.137.51,57.129.137.51,443,3.05,GB,LHR,77.35,90.46
57.129.137.53,57.129.137.53,443,3.02,GB,LHR,75.67,97.07
57.129.137.203,57.129.137.203,8443,2.99,GB,LHR,80.43,88.29
57.129.137.63,57.129.137.63,443,2.98,GB,LHR,77.31,82.15
57.128.181.91,57.128.181.91,443,2.94,GB,LHR,76.98,95.3
57.129.137.203,57.129.137.203,443,2.92,GB,LHR,74.77,81.49
57.129.137.53,57.129.137.53,8443,2.92,GB,LHR,75.16,85.31
57.129.137.84,57.129.137.84,443,2.91,GB,LHR,75.15,101.39
57.129.137.86,57.129.137.86,8443,2.89,GB,LHR,74.45,81.5
57.128.178.63,57.128.178.63,8443,2.8,GB,LHR,81.33,90.36
57.129.137.82,57.129.137.82,8443,2.79,GB,LHR,76.03,92.59
62.60.217.186,2a0b:4140:be8b::2,443,2.79,GB,FRA,94.19,117.84
57.129.137.211,57.129.137.211,443,2.7,GB,LHR,76.83,89.01
57.129.137.73,57.129.137.73,8443,2.7,GB,LHR,78.77,80.76
57.128.181.24,57.128.181.24,8443,2.68,GB,LHR,75.03,82.56
57.129.137.244,57.129.137.244,8443,2.67,GB,LHR,74.78,103.41
57.128.183.225,57.128.183.225,443,2.67,GB,LHR,77.78,92.11
57.129.137.72,57.129.137.72,443,2.65,GB,LHR,76.38,84.03
57.128.178.196,57.128.178.196,8443,2.61,GB,LHR,78.14,95.24
57.128.177.198,57.128.177.198,443,2.55,GB,LHR,77.47,86.92
57.129.137.96,57.129.137.96,443,2.53,GB,LHR,75.12,93.37
57.129.137.51,57.129.137.51,8443,2.5,GB,LHR,82.64,100.54
57.129.137.199,57.129.137.199,443,2.48,GB,LHR,77.27,95.99
57.129.137.77,57.129.137.77,443,2.48,GB,LHR,79.17,90.66
57.128.180.80,57.128.180.80,8443,2.42,GB,LHR,75.49,81.91
57.128.177.203,57.128.177.203,443,2.42,GB,LHR,77.02,90.14
57.129.137.54,57.129.137.54,443,2.39,GB,LHR,74.05,79.36
57.129.137.52,57.129.137.52,443,2.39,GB,LHR,80.35,87.53
57.129.137.234,57.129.137.234,443,2.39,GB,LHR,74.8,89.12
57.128.180.59,57.128.180.59,8443,2.38,GB,LHR,77.04,100.19
57.129.137.199,57.129.137.199,8443,2.37,GB,LHR,76.75,93.16
57.129.137.71,57.129.137.71,443,2.29,GB,LHR,75.61,86.06
57.128.182.76,57.128.182.76,8443,2.29,GB,LHR,76.13,104.23
57.129.137.69,57.129.137.69,8443,2.28,GB,LHR,74.95,81.35
57.129.137.219,57.129.137.219,443,2.27,GB,LHR,76.6,87.16
57.128.178.42,57.128.178.42,443,2.25,GB,LHR,77.88,89.1
57.129.137.245,57.129.137.245,443,2.24,GB,LHR,76.85,85.33
57.129.137.230,57.129.137.230,8443,2.22,GB,LHR,80.89,85.61
57.128.177.172,57.128.177.172,443,2.2,GB,LHR,78.82,94.36
57.128.176.149,57.128.176.149,443,2.19,GB,LHR,81.07,95.13
57.128.180.59,57.128.180.59,443,2.19,GB,LHR,75.76,101.87
57.128.183.245,57.128.183.245,443,2.14,GB,LHR,81.19,91.91
57.129.137.230,57.129.137.230,443,2.13,GB,LHR,76.35,89.31
57.128.181.18,57.128.181.18,8443,2.13,GB,LHR,84.18,95.68
159.65.19.63,159.65.19.63,443,2.13,GB,LHR,79.85,91.4
57.129.137.70,57.129.137.70,443,2.12,GB,LHR,78.47,83.88
57.128.181.18,57.128.181.18,443,2.12,GB,LHR,78.09,86.46
57.128.177.235,57.128.177.235,8443,2.11,GB,LHR,82.15,86.88
185.66.164.51,185.66.164.4,443,2.11,GB,LHR,86.29,92.51
57.128.180.238,57.128.180.238,8443,2.08,GB,LHR,77.53,85.13
213.1.145.50,213.1.145.4,443,2.07,GB,LHR,81.02,126.33
57.128.183.40,57.128.183.40,8443,2.02,GB,LHR,75.07,86.84
57.129.137.243,57.129.137.243,8443,1.98,GB,LHR,77.55,83.41
57.129.137.55,57.129.137.55,443,1.86,GB,LHR,81.64,94.94
57.129.137.66,57.129.137.66,8443,1.86,GB,LHR,77.32,99.41
57.129.137.207,57.129.137.207,443,1.86,GB,LHR,81.56,87.96
57.129.137.56,57.129.137.56,8443,1.82,GB,LHR,78.39,150.9
57.128.183.108,57.128.183.108,443,1.79,GB,LHR,77.03,82.92
87.117.247.29,87.117.247.27,443,1.77,GB,LHR,76.62,93.33
57.129.137.80,57.129.137.80,443,1.75,GB,LHR,81.17,88.39
57.128.178.122,57.128.178.122,8443,1.72,GB,LHR,74.88,85.85
57.128.177.218,57.128.177.218,443,1.68,GB,LHR,85.29,87.82
57.129.137.213,57.129.137.213,443,1.67,GB,LHR,77.26,89.74
57.129.137.60,57.129.137.60,443,1.67,GB,LHR,75.23,89.43
57.129.137.244,57.129.137.244,443,1.66,GB,LHR,76.67,99.31
57.129.137.208,57.129.137.208,443,1.65,GB,LHR,84.42,96.57
57.129.137.70,57.129.137.70,8443,1.65,GB,LHR,76.81,86.92
57.129.137.218,57.129.137.218,443,1.64,GB,LHR,75.6,89.81
57.129.137.62,57.129.137.62,8443,1.63,GB,LHR,87.47,89.22
57.129.137.218,57.129.137.218,8443,1.62,GB,LHR,78.38,95.21
57.128.183.35,57.128.183.35,443,1.61,GB,LHR,75.26,83.6
57.129.137.231,57.129.137.231,443,1.61,GB,LHR,77.43,87.28
57.128.182.76,57.128.182.76,443,1.59,GB,LHR,74.64,105.15
217.154.53.220,217.154.53.220,8443,1.58,GB,LHR,94.71,114.15
57.129.137.231,57.129.137.231,8443,1.58,GB,LHR,77.03,88.38
57.128.183.82,57.128.183.82,443,1.57,GB,LHR,83.18,87.71
57.128.183.138,57.128.183.138,8443,1.56,GB,LHR,77.26,87.8
57.129.137.69,57.129.137.69,443,1.56,GB,LHR,74.59,83.64
77.91.101.14,77.91.101.14,443,1.55,GB,LHR,80.57,111.81
87.117.247.27,87.117.247.27,443,1.55,GB,LHR,77.65,86.42
57.128.177.218,57.128.177.218,8443,1.54,GB,LHR,77.33,83.28
57.128.178.196,57.128.178.196,443,1.54,GB,LHR,83.1,82.01
57.129.137.234,57.129.137.234,8443,1.54,GB,LHR,76.19,82.96
57.129.137.58,57.129.137.58,8443,1.53,GB,LHR,81.97,80.17
57.129.137.79,57.129.137.79,8443,1.53,GB,LHR,78.05,89.23
57.128.180.238,57.128.180.238,443,1.53,GB,LHR,88.26,81.83
213.165.88.177,213.165.88.177,443,1.53,GB,LHR,95.47,121.27
57.128.183.138,57.128.183.138,443,1.52,GB,LHR,83.86,92.4
57.129.137.57,57.129.137.57,8443,1.51,GB,LHR,74.92,91.57
57.129.137.93,57.129.137.93,8443,1.51,GB,LHR,74.97,81.94
57.128.183.133,57.128.183.133,8443,1.5,GB,LHR,77.18,108.3
57.129.137.232,57.129.137.232,443,1.49,GB,LHR,87.15,92.23
57.128.183.3,57.128.183.3,443,1.48,GB,LHR,83.75,83.6
57.129.137.79,57.129.137.79,443,1.47,GB,LHR,77.04,84.16
57.128.182.52,57.128.182.52,8443,1.47,GB,LHR,80.4,85.96
57.128.176.90,57.128.176.90,443,1.46,GB,LHR,78.8,85.46
57.129.137.62,57.129.137.62,443,1.46,GB,LHR,77.91,87.67
57.129.137.63,57.129.137.63,8443,1.45,GB,LHR,74.38,82.71
57.129.137.226,57.129.137.226,8443,1.45,GB,LHR,80.39,91.1
57.129.137.56,57.129.137.56,443,1.44,GB,LHR,74.16,123.75
57.128.178.42,57.128.178.42,8443,1.44,GB,LHR,75.91,102.44
57.129.137.238,57.129.137.238,8443,1.43,GB,LHR,86.94,89.89
57.128.183.35,57.128.183.35,8443,1.42,GB,LHR,77.53,88.18
57.129.137.55,57.129.137.55,8443,1.41,GB,LHR,76.43,89.1
57.128.183.108,57.128.183.108,8443,1.41,GB,LHR,75.98,83.3
57.129.137.93,57.129.137.93,443,1.41,GB,LHR,80.11,87.4
57.129.137.49,57.129.137.49,443,1.37,GB,LHR,88.74,83.62
57.128.181.82,57.128.181.82,443,1.36,GB,LHR,114.8,90.78
57.128.183.3,57.128.183.3,8443,1.36,GB,LHR,80.55,91.63
57.128.181.219,57.128.181.219,443,1.33,GB,LHR,79.79,88.52
57.129.137.238,57.129.137.238,443,1.32,GB,LHR,75.22,106.6
57.129.137.223,57.129.137.223,8443,1.3,GB,LHR,75.16,83.66
132.145.29.208,132.145.29.208,443,1.29,GB,LHR,83.4,114.74
57.128.181.82,57.128.181.82,8443,1.28,GB,LHR,107.76,94.2
57.128.178.232,57.128.178.232,8443,1.28,GB,LHR,74.9,80.55
57.128.183.143,57.128.183.143,8443,1.26,GB,LHR,78.87,93.5
57.128.182.52,57.128.182.52,443,1.26,GB,LHR,79.28,82.57
57.129.137.61,57.129.137.61,443,1.25,GB,LHR,79.52,88.65
77.221.143.154,2a0b:4140:68da::2,443,1.25,GB,FRA,115.23,179.02
57.128.181.219,57.128.181.219,8443,1.25,GB,LHR,77.63,95.85
57.129.137.85,57.129.137.85,8443,1.24,GB,LHR,75.44,123.28
57.129.137.50,57.129.137.50,443,1.23,GB,LHR,84.28,106.04
57.128.181.88,57.128.181.88,8443,1.22,GB,LHR,76.56,92.03
45.140.167.43,45.140.167.43,443,1.22,GB,LHR,79.5,138.55
57.129.137.225,57.129.137.225,8443,1.21,GB,LHR,80.99,94.6
57.128.183.143,57.128.183.143,443,1.19,GB,LHR,77.32,95.64
57.129.137.208,57.129.137.208,8443,1.17,GB,LHR,76.19,102.92
57.128.179.111,57.128.179.111,443,1.16,GB,LHR,76.62,101.85
57.129.137.78,57.129.137.78,443,1.14,GB,LHR,77.58,88.85
57.129.137.58,57.129.137.58,443,1.14,GB,LHR,85.09,94.38
57.128.177.176,57.128.177.176,443,1.14,GB,LHR,77.86,92.13
57.129.137.224,57.129.137.224,443,1.13,GB,LHR,78.42,89.04
57.128.182.61,57.128.182.61,443,1.12,GB,LHR,76.81,88.36
35.176.187.206,35.176.187.206,443,1.12,GB,LHR,77.74,85.29
57.129.137.207,57.129.137.207,8443,1.09,GB,LHR,74.92,82.31
57.129.137.57,57.129.137.57,443,1.08,GB,LHR,82.73,85.6
57.129.137.245,57.129.137.245,8443,1.08,GB,LHR,75.54,83.42
57.129.137.214,57.129.137.214,8443,1.03,GB,LHR,84.01,102.96
57.128.177.191,57.128.177.191,8443,1.03,GB,LHR,74.7,82.85
57.128.176.90,57.128.176.90,8443,1.03,GB,LHR,78.93,85.25
57.128.182.61,57.128.182.61,8443,1.02,GB,LHR,77.53,89.07
8.223.63.150,47.239.228.128,443,3.44,HK,HKG,214.65,262.77
213.159.70.18,213.159.70.18,8443,1.87,HK,HKG,200.87,211.47
47.239.4.246,47.239.4.246,443,1.6,HK,HKG,207.15,215.32
47.239.4.246,47.239.4.246,8443,1.54,HK,HKG,206.06,215.56
213.159.70.18,213.159.70.18,443,1.53,HK,HKG,202.52,209.29
47.239.231.121,47.239.231.121,443,1.49,HK,HKG,210.38,219.87
154.44.27.15,154.44.27.15,443,1.35,HK,HKG,208.99,214.68
159.138.138.87,159.138.138.87,443,1.3,HK,HKG,220.43,351.07
74.119.193.221,74.119.193.221,443,1.29,HK,HKG,211.51,229.67
47.239.4.246,47.239.4.246,2053,1.29,HK,HKG,212.76,219.87
156.230.12.71,202.46.32.182,443,1.12,HK,HKG,217.62,227.21
143.110.247.61,143.110.247.61,2096,1.53,IN,BLR,200.36,207.5
143.110.247.61,143.110.247.61,2053,1.42,IN,BLR,195.11,203.23
143.110.247.61,143.110.247.61,443,1.38,IN,BLR,203.87,212.0
45.89.105.211,45.89.105.211,443,1.34,IN,BOM,195.94,205.68
43.170.8.95,43.175.19.196,443,5.6,JP,NRT,288.36,263.54
47.79.94.192,47.79.94.192,443,2.69,JP,NRT,163.42,171.19
172.104.97.39,172.104.97.39,443,2.6,JP,NRT,169.61,173.31
8.222.193.153,8.221.172.2,443,2.28,JP,NRT,240.74,319.98
158.101.78.162,158.101.78.162,443,2.25,JP,NRT,163.04,168.6
64.176.54.102,64.176.54.102,443,2.13,JP,KIX,176.44,178.37
150.230.5.126,2603:c023:5:be04::44,443,1.78,JP,KIX,168.82,179.58
8.219.155.125,8.221.173.58,443,1.7,JP,NRT,229.88,302.29
8.222.185.236,8.221.173.53,443,1.68,JP,NRT,226.36,310.58
172.235.211.171,172.235.211.171,443,1.51,JP,KIX,167.94,170.18
149.28.21.106,149.28.21.106,443,1.25,JP,NRT,168.24,190.06
8.219.195.31,8.221.172.7,443,1.15,JP,NRT,224.94,307.65
64.176.56.68,64.176.56.68,443,1.14,JP,KIX,171.07,175.25
153.121.45.101,153.121.45.101,443,1.09,JP,NRT,166.92,180.94
123.111.169.70,123.111.169.70,8443,2.41,KR,ICN,189.47,192.86
123.111.169.70,123.111.169.70,2053,2.34,KR,ICN,193.59,196.39
123.111.169.70,123.111.169.70,2087,2.28,KR,ICN,193.19,195.73
123.111.169.70,123.111.169.70,2096,2.21,KR,ICN,193.62,196.17
45.196.233.37,2602:fa4f:a30:3838:976c:76f6:ec2a:f781,443,2.06,KR,NRT,347.43,284.82
123.111.169.70,123.111.169.70,2083,1.99,KR,ICN,189.9,192.81
140.238.17.157,2603:c022:800d:d100::aaaa,443,1.74,KR,ICN,192.84,204.33
123.111.169.70,123.111.169.70,443,1.67,KR,ICN,198.9,199.89
45.93.31.34,45.93.31.34,443,1.65,KR,ICN,187.44,202.14
130.162.132.38,130.162.132.38,443,1.56,KR,ICN,201.57,201.26
161.118.151.101,2603:c022:8001:6c11:bf03:707a:ed83:fcb6,443,1.55,KR,ICN,197.78,198.78
158.247.199.106,158.247.199.106,443,1.55,KR,ICN,191.97,204.28
130.162.130.105,130.162.130.105,443,1.48,KR,ICN,207.77,193.63
129.154.50.159,2603:c024:f:42bb:103e:2ba7:f6bc:66f7,443,1.27,KR,ICN,194.52,208.49
43.200.87.5,2406:da12:faf:7b00:689e:fec4:89ba:1a38,443,1.14,KR,ICN,190.9,204.87
92.118.170.191,92.118.170.191,443,3.22,LV,RIX,104.74,116.88
77.73.71.196,77.73.71.196,443,1.65,LV,VNO,107.15,275.43
185.242.107.169,185.242.107.169,443,1.36,LV,RIX,106.11,138.07
144.124.228.213,144.124.228.213,443,25.91,NL,AMS,94.47,175.68
178.62.206.22,178.62.206.22,443,25.07,NL,AMS,88.02,238.86
45.87.121.7,45.87.121.7,443,18.18,NL,AMS,93.54,103.88
144.124.228.213,144.124.228.213,8443,17.12,NL,AMS,187.55,217.4
188.253.26.205,188.253.26.205,443,16.54,NL,AMS,95.37,146.5
146.103.103.122,146.103.103.122,443,15.87,NL,AMS,99.05,141.98
103.54.19.134,103.54.19.134,443,15.07,NL,AMS,118.7,112.25
109.120.142.219,109.120.142.219,443,13.4,NL,AMS,87.81,104.67
83.138.53.100,83.138.53.100,443,13.18,NL,AMS,100.31,166.5
62.197.48.250,62.197.48.250,443,13.04,NL,AMS,98.34,109.27
158.101.214.54,158.101.214.54,443,13.01,NL,AMS,88.9,117.93
195.133.63.151,195.133.63.151,443,11.94,NL,FRA,174.96,233.34
212.34.142.54,212.34.142.54,8443,11.77,NL,AMS,108.3,167.72
77.73.132.242,77.73.132.242,443,11.46,NL,FRA,141.78,369.26
195.133.66.109,2a03:6f02::9c66,443,10.78,NL,AMS,95.16,112.73
178.208.78.77,178.208.78.77,443,10.52,NL,AMS,164.96,141.97
45.149.234.214,45.149.234.214,443,10.08,NL,AMS,170.74,128.56
147.45.170.176,147.45.170.176,443,9.91,NL,FRA,130.06,117.14
185.121.235.202,185.121.235.202,443,9.83,NL,AMS,100.14,110.5
185.157.214.38,185.157.214.38,8443,9.83,NL,AMS,111.26,123.68
195.78.49.24,195.78.49.24,443,9.59,NL,AMS,94.95,122.9
212.34.153.65,212.34.153.65,443,8.86,NL,AMS,98.64,217.66
152.53.200.152,152.53.200.152,8443,8.79,NL,AMS,105.56,111.69
147.45.225.134,147.45.225.134,443,8.6,NL,FRA,111.08,141.29
185.121.235.202,185.121.235.202,8443,8.58,NL,AMS,129.12,247.34
152.53.200.174,152.53.200.174,443,8.55,NL,AMS,131.34,165.86
185.157.214.38,185.157.214.38,443,8.53,NL,AMS,97.59,134.05
152.53.105.182,152.53.105.182,8443,8.34,NL,AMS,105.39,131.68
95.179.140.212,95.179.140.212,443,8.14,NL,AMS,101.73,119.3
212.34.132.122,212.34.132.122,8443,8.06,NL,AMS,102.5,126.49
176.119.141.113,176.119.141.113,443,7.91,NL,AMS,88.45,102.66
82.115.4.109,82.115.4.109,443,7.59,NL,AMS,132.06,89.8
5.181.180.20,5.181.180.20,443,7.31,NL,AMS,93.81,118.69
188.253.25.212,188.253.25.212,443,7.29,NL,AMS,102.86,184.27
212.34.142.54,212.34.142.54,443,7.28,NL,AMS,95.6,159.99
185.244.49.155,185.244.49.155,443,7.28,NL,AMS,100.65,100.86
166.1.22.116,166.1.22.116,443,7.27,NL,AMS,89.13,105.51
188.227.107.112,188.227.107.112,443,7.08,NL,AMS,91.16,103.72
212.111.82.142,212.111.82.142,8443,7.01,NL,AMS,98.03,156.02
212.34.132.122,212.34.132.122,443,6.9,NL,AMS,103.41,121.34
152.53.200.174,152.53.200.174,8443,6.67,NL,AMS,98.03,134.23
152.53.200.118,152.53.200.118,8443,6.66,NL,AMS,102.94,125.83
152.53.200.118,152.53.200.118,443,6.65,NL,AMS,108.83,122.58
151.242.69.201,151.242.69.201,443,6.62,NL,AMS,90.02,118.34
77.238.248.43,77.238.248.43,443,6.53,NL,AMS,95.47,176.74
103.137.248.227,103.137.248.227,443,6.5,NL,AMS,84.2,101.37
152.53.200.164,152.53.200.164,443,6.47,NL,AMS,137.11,184.8
91.232.114.118,91.232.114.118,443,6.44,NL,AMS,85.77,98.21
147.45.170.176,147.45.170.176,2053,6.39,NL,FRA,94.49,111.9
152.53.200.241,152.53.200.241,8443,6.25,NL,AMS,98.79,125.19
89.150.59.208,89.150.59.208,443,6.15,NL,AMS,89.89,97.75
194.85.249.105,194.85.249.105,443,6.14,NL,AMS,93.07,93.57
43.170.17.114,43.174.105.76,443,6.13,NL,AMS,85.62,104.14
80.74.28.213,80.74.28.213,443,6.11,NL,AMS,87.57,92.68
185.21.10.43,185.21.10.43,443,6.06,NL,AMS,85.45,130.2
152.53.200.241,152.53.200.241,443,5.93,NL,AMS,100.59,118.48
94.142.137.72,94.142.137.72,443,5.9,NL,AMS,81.71,91.1
82.115.5.199,82.115.5.199,443,5.9,NL,AMS,81.69,91.94
88.210.9.6,88.210.9.6,443,5.85,NL,AMS,107.91,190.52
80.76.35.73,80.76.35.73,443,5.82,NL,AMS,88.71,111.67
82.115.7.17,82.115.7.17,443,5.76,NL,AMS,87.57,111.92
93.183.91.7,93.183.91.7,443,5.75,NL,AMS,114.49,122.36
89.110.66.154,89.110.66.154,443,5.64,NL,AMS,98.59,145.43
212.111.82.142,212.111.82.142,443,5.62,NL,AMS,105.81,151.91
193.233.127.123,193.233.127.123,443,5.58,NL,AMS,92.43,110.44
91.84.105.40,91.84.105.40,443,5.56,NL,AMS,109.89,103.92
23.94.220.207,23.94.220.207,443,5.52,NL,AMS,89.92,108.13
5.181.134.74,5.181.134.74,443,5.52,NL,AMS,83.2,140.08
2.27.169.216,2.27.169.216,443,5.51,NL,AMS,98.4,104.86
147.45.243.173,147.45.243.173,443,5.5,NL,FRA,101.28,104.15
167.99.38.153,167.99.38.153,443,5.48,NL,AMS,90.98,115.83
152.53.200.152,152.53.200.152,443,5.46,NL,AMS,100.52,124.17
91.84.107.69,91.84.107.69,8443,5.29,NL,AMS,106.4,121.77
103.102.228.113,103.102.228.113,443,5.24,NL,AMS,93.29,116.63
185.167.96.18,185.167.96.18,443,5.22,NL,AMS,86.67,98.46
91.103.253.223,91.103.253.223,443,5.12,NL,AMS,82.21,94.61
152.53.200.163,152.53.200.163,8443,5.04,NL,AMS,100.14,124.35
45.88.67.129,45.88.67.129,443,4.95,NL,AMS,134.89,174.15
152.53.105.182,152.53.105.182,443,4.94,NL,AMS,99.5,141.49
164.92.210.231,164.92.210.231,443,4.83,NL,AMS,84.2,101.12
72.56.69.244,72.56.69.244,443,4.82,NL,FRA,87.8,147.52
185.185.41.34,185.185.41.34,443,4.81,NL,AMS,86.5,98.85
31.15.19.180,31.15.19.180,443,4.77,NL,AMS,91.35,111.29
212.193.1.234,212.193.1.234,443,4.68,NL,AMS,87.48,105.99
152.53.200.163,152.53.200.163,443,4.58,NL,AMS,107.6,121.25
89.110.68.158,89.110.68.158,443,4.53,NL,AMS,107.06,120.36
91.84.100.152,91.84.100.152,8443,4.5,NL,AMS,100.37,116.24
82.115.5.157,82.115.5.157,443,4.48,NL,AMS,82.36,93.45
152.53.200.69,152.53.200.69,443,4.42,NL,AMS,118.84,107.96
31.222.229.52,31.222.229.52,443,4.41,NL,AMS,85.49,95.66
163.5.207.110,163.5.207.110,443,4.39,NL,AMS,90.93,132.2
91.84.105.40,91.84.105.40,8443,4.33,NL,AMS,118.08,110.26
103.13.210.67,103.13.210.67,443,4.31,NL,AMS,87.74,98.99
185.23.238.76,185.23.238.76,443,4.24,NL,AMS,91.85,139.1
91.84.107.170,91.84.107.170,443,4.21,NL,AMS,94.14,118.04
185.245.106.205,185.245.106.205,443,4.2,NL,AMS,92.18,104.57
193.233.16.39,193.233.16.39,443,4.14,NL,FRA,97.58,116.8
195.26.227.28,195.26.227.28,443,4.14,NL,AMS,99.26,106.69
89.110.127.138,89.110.127.138,443,4.12,NL,AMS,92.54,103.91
89.110.112.211,89.110.112.211,443,4.06,NL,AMS,105.53,111.32
88.210.12.132,88.210.12.132,443,4.05,NL,AMS,114.23,127.83
159.223.4.44,159.223.4.44,443,4.02,NL,AMS,87.83,97.49
91.124.18.241,91.124.18.241,443,4.01,NL,AMS,83.83,96.11
209.250.255.90,209.250.255.90,443,4.0,NL,AMS,91.91,98.26
45.12.62.76,45.12.62.76,443,4.0,NL,AMS,106.74,102.64
91.84.107.137,91.84.107.137,443,3.99,NL,AMS,100.32,119.94
91.84.100.152,91.84.100.152,443,3.95,NL,AMS,94.0,105.98
147.45.111.209,147.45.111.209,443,3.93,NL,FRA,81.48,108.37
82.23.163.39,82.23.163.39,443,3.93,NL,AMS,93.14,112.52
45.12.69.152,45.12.69.152,443,3.88,NL,AMS,89.88,88.04
171.22.30.125,171.22.30.125,443,3.84,NL,AMS,91.1,100.35
66.151.32.59,66.151.32.59,443,3.84,NL,AMS,93.08,99.39
147.45.133.128,147.45.133.128,443,3.75,NL,FRA,85.15,123.09
91.84.102.67,91.84.102.67,8443,3.73,NL,AMS,102.74,118.08
166.1.22.116,166.1.22.116,2053,3.71,NL,AMS,88.4,102.51
45.144.232.86,45.144.232.86,443,3.71,NL,AMS,101.36,104.37
152.53.200.69,152.53.200.69,8443,3.67,NL,AMS,105.81,115.24
147.45.170.241,147.45.170.241,443,3.67,NL,FRA,86.04,148.04
138.124.79.11,138.124.79.11,443,3.66,NL,AMS,86.12,116.52
178.208.79.186,178.208.79.186,443,3.65,NL,AMS,89.71,113.0
45.144.232.27,45.144.232.27,443,3.65,NL,AMS,93.79,109.79
91.84.102.54,91.84.102.54,8443,3.57,NL,AMS,114.14,144.54
192.210.175.185,192.210.175.185,443,3.55,NL,AMS,88.73,95.84
80.74.28.213,80.74.28.213,8443,3.53,NL,AMS,90.87,99.0
82.40.60.127,82.40.60.127,443,3.5,NL,AMS,86.05,106.16
67.220.80.6,67.220.80.6,443,3.5,NL,DUS,90.72,113.45
186.190.213.227,186.190.213.5,443,3.49,NL,DUS,81.11,96.25
80.64.17.209,80.64.17.209,443,3.48,NL,FRA,84.94,134.87
88.218.120.170,88.218.120.170,443,3.46,NL,AMS,99.04,140.89
93.183.91.7,93.183.91.7,8443,3.44,NL,AMS,101.82,113.75
212.34.128.194,212.34.128.194,8443,3.39,NL,AMS,92.62,100.64
64.227.73.131,64.227.73.131,443,3.34,NL,AMS,89.57,105.93
95.179.142.54,95.179.142.54,443,3.34,NL,AMS,84.65,113.24
89.124.86.34,89.124.86.34,443,3.33,NL,AMS,83.93,93.33
213.142.147.133,213.142.147.133,443,3.32,NL,AMS,84.66,121.74
82.22.3.66,82.22.3.66,443,3.27,NL,AMS,88.73,121.41
185.245.106.205,185.245.106.205,8443,3.26,NL,AMS,94.22,102.73
134.122.50.11,134.122.50.11,443,3.25,NL,AMS,88.85,107.32
195.133.66.132,195.133.66.132,443,3.24,NL,FRA,85.55,107.46
222.167.217.127,222.167.217.127,443,3.2,NL,AMS,95.92,109.1
93.183.88.193,93.183.88.193,443,3.18,NL,AMS,103.86,109.21
89.42.142.219,89.42.142.219,443,3.12,NL,AMS,89.39,103.89
134.122.54.149,134.122.54.149,443,3.08,NL,AMS,94.46,97.42
161.35.147.14,161.35.147.14,443,3.08,NL,AMS,87.97,97.72
144.31.70.222,144.31.70.222,443,3.05,NL,FRA,114.08,96.68
91.84.107.69,91.84.107.69,443,3.01,NL,AMS,113.1,115.6
185.70.187.38,185.70.187.38,443,3.01,NL,AMS,94.28,117.37
152.53.200.115,152.53.200.115,443,3.0,NL,AMS,98.01,120.84
161.35.247.7,161.35.247.7,443,2.99,NL,AMS,97.63,92.8
77.238.230.12,77.238.230.12,443,2.98,NL,AMS,91.92,99.52
212.69.84.32,212.69.84.32,443,2.95,NL,AMS,85.26,94.94
77.239.112.150,77.239.112.150,443,2.93,NL,AMS,90.96,117.0
91.84.103.232,91.84.103.232,8443,2.9,NL,AMS,98.14,101.9
91.84.105.79,91.84.105.79,443,2.88,NL,AMS,96.52,103.59
45.114.61.224,45.114.61.224,443,2.86,NL,AMS,81.52,87.79
212.34.128.194,212.34.128.194,443,2.83,NL,AMS,114.67,111.47
152.53.200.200,152.53.200.200,8443,2.83,NL,AMS,100.92,134.78
194.246.82.213,194.246.82.213,443,2.83,NL,AMS,101.34,125.88
185.112.59.65,185.112.59.65,443,2.82,NL,AMS,93.07,104.57
72.56.70.107,72.56.70.107,443,2.81,NL,FRA,85.24,118.91
138.124.67.58,138.124.67.58,443,2.8,NL,AMS,95.24,106.88
89.110.81.94,89.110.81.94,443,2.79,NL,AMS,95.4,107.51
212.34.147.86,212.34.147.86,443,2.79,NL,AMS,121.65,126.34
89.110.112.211,89.110.112.211,8443,2.79,NL,AMS,105.73,105.51
194.58.39.80,194.58.39.80,443,2.77,NL,AMS,95.33,105.86
89.110.81.200,89.110.81.200,8443,2.76,NL,AMS,104.27,111.39
152.53.200.202,152.53.200.202,8443,2.74,NL,AMS,99.94,121.29
89.110.81.200,89.110.81.200,443,2.73,NL,AMS,94.12,124.52
77.238.230.12,77.238.230.12,8443,2.72,NL,AMS,99.91,109.12
91.84.107.137,91.84.107.137,8443,2.69,NL,AMS,100.55,116.88
206.245.157.87,2605:e440:48::55,443,2.62,NL,AMS,88.13,133.03
91.84.102.54,91.84.102.54,443,2.6,NL,AMS,114.92,130.9
2.26.110.36,2.26.110.36,443,2.59,NL,FRA,95.84,126.91
185.180.196.64,185.180.196.64,443,2.57,NL,AMS,88.88,100.22
138.124.3.59,138.124.3.59,443,2.56,NL,AMS,101.32,111.92
185.209.162.35,185.209.162.35,443,2.51,NL,AMS,85.52,99.68
62.212.68.100,62.212.68.100,443,2.51,NL,FRA,88.59,118.43
91.84.103.45,91.84.103.45,443,2.49,NL,AMS,106.26,99.84
80.74.30.241,80.74.30.241,443,2.44,NL,AMS,89.52,93.59
77.105.142.168,77.105.142.168,443,2.35,NL,AMS,94.51,109.6
91.84.100.104,91.84.100.104,443,2.32,NL,AMS,97.76,106.22
212.192.217.100,212.192.217.100,443,2.3,NL,FRA,88.77,106.31
103.137.250.250,103.137.250.250,443,2.3,NL,AMS,87.8,99.88
91.84.105.87,91.84.105.87,8443,2.29,NL,AMS,101.96,111.39
89.110.83.224,89.110.83.224,443,2.27,NL,AMS,104.21,136.69
103.65.231.157,103.65.231.157,443,2.26,NL,AMS,91.41,99.52
178.253.23.53,178.253.23.53,443,2.26,NL,FRA,83.4,107.1
212.34.134.37,212.34.134.37,443,2.26,NL,AMS,102.16,109.67
91.84.105.87,91.84.105.87,443,2.25,NL,AMS,95.21,97.61
194.147.33.13,194.147.33.13,443,2.25,NL,AMS,105.86,134.22
103.146.119.225,103.146.119.225,443,2.23,NL,AMS,87.53,100.17
109.120.142.143,109.120.142.143,443,2.21,NL,AMS,81.9,93.62
72.56.101.37,72.56.101.37,443,2.19,NL,FRA,84.51,100.75
193.124.189.227,193.124.189.227,443,2.18,NL,AMS,81.78,93.23
212.111.89.16,212.111.89.16,443,2.18,NL,AMS,99.17,113.26
152.53.200.144,152.53.200.144,443,2.18,NL,AMS,99.54,144.75
212.192.217.100,212.192.217.100,8443,2.16,NL,FRA,100.29,106.78
194.156.66.171,194.156.66.171,443,2.14,NL,DUS,81.99,98.13
5.129.218.139,5.129.218.139,443,2.12,NL,FRA,81.59,102.29
178.173.254.43,178.173.254.43,443,2.12,NL,AMS,84.51,91.48
43.250.54.107,43.250.54.107,443,2.1,NL,AMS,94.33,108.35
91.84.105.79,91.84.105.79,8443,2.1,NL,AMS,105.73,124.83
23.138.44.90,186.190.213.5,443,2.1,NL,DUS,87.08,106.55
38.180.160.199,38.180.160.199,443,2.1,NL,AMS,94.82,116.95
89.110.127.138,89.110.127.138,8443,2.09,NL,AMS,94.54,104.58
144.124.241.129,144.124.241.129,443,2.08,NL,AMS,85.97,97.36
91.84.101.164,91.84.101.164,443,2.08,NL,AMS,94.04,105.46
86.107.197.239,86.107.197.239,443,2.08,NL,AMS,88.36,103.57
31.15.19.199,31.15.19.199,443,2.07,NL,AMS,93.34,109.83
212.34.135.103,212.34.135.103,8443,2.07,NL,AMS,102.6,113.02
91.84.103.109,91.84.103.109,8443,2.06,NL,AMS,100.76,117.72
23.168.72.17,23.168.72.17,443,2.05,NL,DUS,83.16,98.03
152.53.200.193,152.53.200.193,8443,2.05,NL,AMS,99.88,109.69
23.137.188.236,186.190.213.82,443,2.04,NL,DUS,83.11,102.91
195.63.129.36,195.63.135.129,443,2.04,NL,AMS,102.06,108.83
91.84.103.232,91.84.103.232,443,2.03,NL,AMS,102.97,112.24
72.56.96.230,72.56.96.230,443,2.01,NL,FRA,91.39,119.02
185.121.232.7,185.121.232.7,443,2.0,NL,AMS,96.05,110.62
88.218.248.195,88.218.248.195,443,2.0,NL,AMS,88.9,103.25
152.53.200.72,152.53.200.72,443,1.99,NL,AMS,100.23,117.21
45.150.109.126,45.150.109.126,443,1.98,NL,BRU,94.38,106.3
152.53.200.200,152.53.200.200,443,1.98,NL,AMS,103.7,142.21
212.34.141.125,212.34.141.125,443,1.97,NL,AMS,105.92,124.57
152.53.200.115,152.53.200.115,8443,1.94,NL,AMS,99.57,119.38
72.56.72.94,2a03:6f02::1:474f,443,1.91,NL,AMS,82.76,135.41
72.56.85.104,72.56.85.104,443,1.9,NL,FRA,85.74,106.93
77.246.108.130,77.246.108.130,443,1.89,NL,AMS,94.1,105.88
91.84.102.67,91.84.102.67,443,1.89,NL,AMS,103.48,125.34
152.53.200.105,152.53.200.105,443,1.88,NL,AMS,98.2,117.01
23.94.217.14,23.94.217.14,443,1.88,NL,AMS,91.16,103.22
92.51.47.199,92.51.47.199,443,1.87,NL,FRA,91.63,117.43
212.22.74.26,212.22.74.26,2053,1.85,NL,AMS,97.93,130.46
62.60.244.97,2a01:e5c0:451f::2,443,1.83,NL,FRA,102.98,118.83
31.130.129.33,2a03:6f02::1:674,443,1.81,NL,AMS,81.81,88.8
212.34.141.191,212.34.141.191,443,1.76,NL,AMS,103.47,116.84
91.84.99.43,91.84.99.43,8443,1.75,NL,AMS,159.97,109.79
152.53.200.78,152.53.200.78,8443,1.73,NL,AMS,98.85,126.13
212.22.74.26,212.22.74.26,443,1.73,NL,AMS,92.66,128.7
138.124.3.156,138.124.3.156,443,1.72,NL,AMS,139.34,107.83
72.56.71.235,2a03:6f02::8477,443,1.71,NL,AMS,81.28,106.89
23.94.134.141,23.94.134.141,443,1.71,NL,AMS,89.37,125.31
152.53.200.78,152.53.200.78,443,1.7,NL,AMS,98.35,117.11
89.110.73.241,89.110.73.241,8443,1.7,NL,AMS,96.38,101.51
2.27.169.61,2.27.169.61,443,1.67,NL,AMS,97.96,109.49
91.132.58.156,91.132.58.156,443,1.64,NL,AMS,90.96,100.86
212.34.130.52,212.34.130.52,443,1.63,NL,AMS,92.57,103.25
185.73.222.95,185.73.222.95,443,1.6,NL,AMS,92.0,104.31
212.34.139.152,212.34.139.152,443,1.58,NL,AMS,103.42,111.6
152.53.200.105,152.53.200.105,8443,1.58,NL,AMS,98.18,116.77
194.87.27.183,194.87.27.183,443,1.58,NL,FRA,84.45,149.93
80.74.24.191,80.74.24.191,443,1.55,NL,AMS,85.86,93.82
152.53.200.202,152.53.200.202,443,1.54,NL,AMS,100.85,132.21
91.84.99.43,91.84.99.43,443,1.53,NL,AMS,114.63,108.81
5.129.238.238,5.129.238.238,443,1.51,NL,FRA,82.8,104.2
45.114.62.226,45.114.62.226,443,1.5,NL,AMS,82.97,94.47
104.248.95.127,178.128.136.175,443,1.49,NL,AMS,84.67,89.87
94.103.95.115,94.103.95.115,443,1.48,NL,AMS,94.57,115.64
144.31.200.52,144.31.200.52,443,1.47,NL,FRA,98.77,124.96
91.84.97.63,91.84.97.63,443,1.47,NL,AMS,105.33,115.69
84.235.160.223,84.235.160.223,443,1.47,NL,AMS,87.44,107.59
91.84.103.109,91.84.103.109,443,1.46,NL,AMS,103.02,117.56
176.119.141.145,176.119.141.145,443,1.44,NL,AMS,90.92,98.63
83.217.222.170,83.217.222.170,443,1.43,NL,FRA,89.45,110.07
152.53.200.72,152.53.200.72,8443,1.43,NL,AMS,98.86,117.21
212.118.39.237,212.118.39.237,443,1.42,NL,AMS,99.93,112.18
186.190.213.5,186.190.213.5,443,1.39,NL,DUS,93.34,132.22
109.120.158.192,109.120.158.192,443,1.38,NL,AMS,93.69,111.9
147.45.135.9,147.45.135.9,443,1.38,NL,FRA,88.79,132.18
2.27.169.140,2.27.169.140,443,1.37,NL,AMS,93.24,99.95
212.34.135.103,212.34.135.103,443,1.37,NL,AMS,106.03,110.09
94.103.9.160,94.103.9.160,443,1.35,NL,AMS,82.56,94.82
194.85.251.87,194.85.251.87,443,1.35,NL,AMS,85.56,101.28
212.34.139.152,212.34.139.152,8443,1.33,NL,AMS,99.45,107.56
195.200.26.225,195.200.26.225,443,1.33,NL,AMS,100.78,111.38
212.34.130.52,212.34.130.52,8443,1.33,NL,AMS,106.62,111.14
178.208.79.44,178.208.79.44,443,1.32,NL,AMS,88.88,114.5
152.53.200.166,152.53.200.166,8443,1.32,NL,AMS,100.7,130.19
38.180.160.199,38.180.160.199,8443,1.32,NL,AMS,95.47,112.67
152.53.200.178,152.53.200.178,8443,1.31,NL,AMS,103.73,114.21
91.84.103.10,91.84.103.10,8443,1.31,NL,AMS,108.23,115.0
23.138.44.74,186.190.213.82,443,1.31,NL,DUS,89.0,113.5
91.84.103.191,91.84.103.191,443,1.3,NL,AMS,93.19,116.7
89.124.77.146,89.124.77.146,443,1.29,NL,AMS,88.47,97.32
91.84.100.104,91.84.100.104,8443,1.29,NL,AMS,94.68,102.35
146.0.79.119,146.0.79.119,443,1.28,NL,AMS,88.9,94.6
152.53.200.178,152.53.200.178,443,1.28,NL,AMS,100.86,117.72
95.85.245.89,195.133.63.147,443,1.28,NL,FRA,109.95,220.81
109.234.32.8,109.234.32.8,443,1.27,NL,AMS,83.63,96.3
91.84.97.148,91.84.97.148,443,1.25,NL,AMS,109.28,106.37
194.87.243.86,194.87.243.86,443,1.24,NL,FRA,83.09,156.54
146.103.109.132,146.103.109.132,443,1.23,NL,AMS,87.85,129.89
91.84.106.75,91.84.106.75,8443,1.23,NL,AMS,104.34,117.47
31.207.47.231,31.207.47.231,443,1.21,NL,AMS,88.05,100.44
91.84.103.79,91.84.103.79,443,1.21,NL,AMS,105.07,117.36
212.118.37.83,212.118.37.83,443,1.2,NL,AMS,113.62,169.23
212.7.207.4,212.7.207.4,443,1.19,NL,FRA,93.58,132.51
91.84.106.123,91.84.106.123,443,1.18,NL,AMS,102.47,98.7
62.84.97.123,62.84.97.123,443,1.18,NL,AMS,150.01,104.5
2.26.83.250,2.26.83.250,443,1.18,NL,AMS,97.78,110.84
89.110.73.241,89.110.73.241,443,1.18,NL,AMS,103.08,110.36
152.53.200.225,152.53.200.225,443,1.16,NL,AMS,106.23,125.8
144.31.24.77,144.31.24.77,443,1.16,NL,AMS,119.95,92.78
89.110.117.7,89.110.117.7,443,1.15,NL,AMS,113.33,120.2
212.34.138.139,212.34.138.139,443,1.14,NL,AMS,110.81,120.19
212.34.141.125,212.34.141.125,8443,1.13,NL,AMS,107.02,131.13
195.26.227.28,195.26.227.28,8443,1.13,NL,AMS,100.55,112.95
85.31.45.88,85.31.45.88,443,1.13,NL,AMS,99.41,109.2
147.45.225.12,147.45.225.12,443,1.12,NL,FRA,96.65,112.38
77.239.109.66,77.239.109.66,443,1.12,NL,FRA,125.94,188.69
194.87.243.26,2a03:6f02::79c2,443,1.09,NL,AMS,82.01,92.64
138.124.2.102,138.124.2.102,443,1.09,NL,AMS,91.79,213.16
72.56.115.44,72.56.115.44,443,1.09,NL,FRA,91.68,113.21
43.250.54.107,43.250.54.107,8443,1.06,NL,AMS,86.72,101.51
5.180.181.166,5.180.181.166,443,1.05,NL,AMS,93.1,94.81
212.22.74.165,212.22.74.165,443,1.04,NL,AMS,89.8,113.69
91.84.97.148,91.84.97.148,8443,1.04,NL,AMS,99.26,110.55
194.113.153.226,194.113.153.226,443,1.02,NL,AMS,120.21,122.37
46.17.97.176,46.17.97.176,443,1.02,NL,AMS,93.19,96.64
193.106.150.253,193.106.150.253,443,1.01,NL,AMS,86.29,111.71
217.30.10.55,217.30.10.55,2083,12.31,PL,WAW,103.94,181.76
2.59.163.33,2.59.163.33,443,10.1,PL,WAW,106.29,113.96
212.192.11.208,212.192.11.208,443,6.65,PL,WAW,106.97,128.21
212.192.22.177,212.192.22.177,443,5.34,PL,WAW,115.79,145.96
188.116.40.37,188.116.40.37,443,5.29,PL,WAW,115.67,147.57
51.75.32.106,217.182.79.55,443,4.77,PL,WAW,103.24,109.9
51.38.132.136,51.38.132.136,443,4.67,PL,WAW,103.23,126.8
92.118.205.66,92.118.205.66,443,4.63,PL,WAW,136.67,116.24
51.75.32.106,217.182.79.55,8443,3.79,PL,WAW,104.63,111.14
212.119.43.76,212.119.43.76,443,3.52,PL,WAW,103.4,109.6
82.38.65.88,82.38.65.88,443,3.45,PL,WAW,106.42,103.41
64.176.68.73,64.176.68.73,443,3.29,PL,WAW,100.83,120.23
77.83.246.88,77.83.246.88,443,3.25,PL,WAW,103.13,133.73
37.252.6.119,37.252.6.119,443,3.2,PL,WAW,102.99,125.12
217.182.79.55,217.182.79.55,8443,3.2,PL,WAW,104.91,119.62
37.252.10.91,37.252.10.91,443,3.11,PL,WAW,118.36,148.57
78.10.222.98,78.10.222.98,443,3.07,PL,WAW,107.19,160.25
31.169.126.240,31.169.126.240,443,2.81,PL,WAW,101.23,126.21
70.34.243.123,70.34.243.123,443,2.55,PL,WAW,101.26,107.17
89.126.229.173,89.126.229.173,443,2.53,PL,WAW,112.93,127.78
45.144.50.4,45.144.50.4,443,2.52,PL,WAW,107.63,116.26
54.36.186.141,54.36.186.141,443,2.51,PL,WAW,102.12,133.75
31.169.126.66,31.169.126.66,8443,2.37,PL,WAW,99.3,110.64
82.118.20.234,82.118.20.234,443,2.11,PL,WAW,121.98,126.13
138.124.64.13,77.83.246.88,443,2.08,PL,WAW,100.57,111.54
194.87.128.46,194.87.128.46,443,1.95,PL,WAW,100.62,111.73
70.34.255.171,70.34.255.171,443,1.94,PL,WAW,105.19,106.92
95.85.254.27,95.85.254.27,443,1.53,PL,WAW,101.47,107.88
138.124.20.93,138.124.20.93,443,1.48,PL,WAW,101.4,109.42
191.101.184.50,191.101.184.50,443,1.45,PL,WAW,103.82,121.29
103.167.234.26,103.167.234.26,443,1.37,PL,WAW,101.9,123.16
151.241.227.21,151.241.227.21,443,1.34,PL,WAW,109.02,114.42
91.108.237.23,91.108.237.23,443,1.34,PL,WAW,106.23,111.43
45.198.0.157,45.198.0.157,443,1.3,PL,WAW,109.65,113.94
94.103.0.67,94.103.0.67,443,1.29,PL,WAW,99.62,105.23
2.27.79.22,2.27.79.22,443,1.23,PL,WAW,110.58,132.3
146.59.18.234,54.36.186.141,443,1.21,PL,WAW,107.07,120.64
81.90.17.57,81.90.17.57,443,1.18,PL,WAW,101.82,111.28
82.40.38.216,82.40.38.216,443,1.16,PL,WAW,108.36,111.21
45.149.63.149,45.149.63.149,443,1.13,PL,WAW,104.2,135.29
217.182.79.55,217.182.79.55,443,1.09,PL,WAW,104.37,111.47
45.149.63.149,45.149.63.149,8443,1.05,PL,WAW,102.72,157.22
31.169.126.66,31.169.126.66,443,1.03,PL,WAW,100.36,115.15
83.147.255.88,83.147.255.88,443,8.45,RU,ARN,109.74,158.68
77.232.136.60,77.232.136.60,443,5.51,RU,DME,141.02,222.48
159.194.200.159,159.194.200.159,443,5.03,RU,ARN,189.88,211.69
212.74.227.162,212.74.227.162,443,4.93,RU,DME,147.95,333.69
185.154.192.200,185.154.192.200,443,4.79,RU,DME,126.48,179.57
194.87.107.79,194.87.107.79,443,4.53,RU,WAW,145.3,197.52
31.129.48.139,31.129.48.139,8443,4.23,RU,ARN,121.4,125.02
194.87.151.237,194.87.151.237,443,4.22,RU,DME,135.9,220.94
217.26.29.24,217.26.29.24,443,4.1,RU,ARN,123.4,170.0
91.107.127.205,91.107.127.205,443,4.1,RU,HEL,146.0,290.61
159.194.200.159,159.194.200.159,8443,4.07,RU,ARN,226.95,278.57
185.218.0.16,185.218.0.16,443,3.82,RU,ARN,118.3,135.43
188.225.34.155,188.225.34.155,443,3.73,RU,DME,162.26,262.33
89.223.121.23,89.223.121.23,443,3.65,RU,DME,127.65,180.73
91.184.244.230,91.184.244.230,443,3.44,RU,LHR,128.67,227.74
45.151.62.25,45.151.62.25,443,3.36,RU,FRA,125.93,239.78
5.101.50.226,5.101.50.226,443,3.22,RU,DME,110.3,177.42
185.137.235.254,185.151.243.200,443,3.08,RU,DME,112.58,223.29
185.128.107.175,185.128.107.175,443,3.07,RU,ARN,141.33,210.53
95.85.240.234,95.85.240.234,443,2.99,RU,FRA,128.21,232.32
45.144.30.222,45.144.30.222,443,2.97,RU,ARN,127.13,222.33
194.87.151.151,194.87.151.151,443,2.92,RU,DME,152.19,189.66
45.90.218.109,45.90.218.109,443,2.9,RU,ARN,219.03,257.36
217.18.60.228,217.18.60.228,443,2.76,RU,FRA,156.36,228.35
185.26.121.79,185.26.121.79,443,2.67,RU,DME,117.83,176.64
46.229.215.23,46.229.215.23,443,2.66,RU,DME,122.83,183.0
31.129.48.139,31.129.48.139,443,2.64,RU,DME,119.6,152.45
95.47.190.252,193.41.79.190,443,2.62,RU,DME,119.57,176.83
85.239.49.65,85.239.49.65,443,2.52,RU,DME,136.74,181.06
212.41.15.119,212.41.15.119,443,2.49,RU,DME,121.94,170.53
194.156.118.127,194.156.118.127,443,2.43,RU,ARN,132.82,178.27
31.200.248.163,31.200.248.125,443,2.42,RU,ARN,132.05,185.53
84.252.75.139,84.252.75.139,443,2.38,RU,ARN,137.55,181.92
185.170.10.32,185.170.10.32,443,2.24,RU,AMS,131.05,240.48
85.239.58.104,85.239.58.104,443,2.17,RU,DME,137.67,185.72
147.45.153.169,147.45.153.169,443,1.96,RU,DME,133.28,177.97
77.73.66.223,77.73.66.223,443,1.88,RU,ARN,115.48,156.39
80.87.198.98,80.87.198.98,443,1.78,RU,RIX,126.77,187.32
79.174.13.53,79.174.13.53,443,1.63,RU,CPH,122.24,193.55
194.87.252.166,194.87.252.166,443,1.47,RU,ARN,146.08,204.34
93.183.71.229,93.183.71.229,443,1.43,RU,DME,119.0,165.35
185.125.219.207,185.125.219.207,443,1.39,RU,ARN,131.91,201.46
5.129.246.116,5.129.246.116,443,1.3,RU,DME,141.41,221.6
176.124.200.14,176.124.200.14,443,1.27,RU,DME,135.64,187.26
217.114.12.143,217.114.12.143,443,1.21,RU,ARN,134.49,198.91
185.151.243.200,185.151.243.200,443,1.21,RU,DME,123.44,148.22
103.88.242.134,103.88.242.134,443,1.16,RU,HEL,130.08,269.44
88.210.35.66,88.210.35.66,443,1.1,RU,DME,135.7,170.36
212.67.17.226,212.67.17.226,443,1.06,RU,DME,173.57,232.96
193.160.209.49,193.160.209.49,443,1.03,RU,DME,135.39,174.2
85.198.109.141,85.198.109.141,443,1.01,RU,LHR,136.19,228.92
188.126.76.3,188.126.76.3,443,9.57,SE,ARN,103.41,164.93
37.252.8.202,37.252.8.202,443,6.28,SE,ARN,120.73,155.11
138.124.85.225,138.124.85.225,443,5.93,SE,ARN,131.71,125.75
142.111.244.42,142.111.244.42,443,5.27,SE,ARN,104.85,118.4
95.143.196.18,95.143.196.18,443,5.08,SE,ARN,105.42,192.86
172.232.149.77,172.232.149.77,443,4.56,SE,ARN,102.14,107.4
192.145.30.29,192.145.30.29,443,4.32,SE,ARN,108.8,122.59
80.66.78.207,80.66.78.207,443,4.08,SE,ARN,112.98,141.3
93.115.23.184,93.115.23.184,443,4.03,SE,ARN,97.45,117.47
83.219.250.141,83.219.250.141,443,3.93,SE,ARN,119.78,128.29
142.111.244.5,142.111.244.5,443,3.79,SE,ARN,104.33,103.57
13.53.54.165,13.53.54.165,443,3.25,SE,ARN,99.8,114.16
13.53.54.165,13.53.54.165,8443,3.24,SE,ARN,99.54,118.55
64.112.127.151,64.112.127.151,443,3.21,SE,ARN,96.5,105.43
87.251.85.114,87.251.85.114,443,3.2,SE,ARN,109.78,116.9
89.127.201.202,89.127.201.202,443,2.91,SE,CPH,98.22,111.51
51.20.202.203,51.20.202.203,443,2.87,SE,ARN,100.24,152.18
91.223.169.237,91.223.169.237,443,2.81,SE,ARN,104.66,127.55
192.145.30.213,192.145.30.213,443,2.69,SE,ARN,100.41,166.63
193.148.58.33,193.148.58.33,443,2.61,SE,ARN,97.34,109.87
185.159.75.51,185.159.75.51,443,2.49,SE,ARN,119.71,129.08
70.34.195.28,70.34.195.28,443,2.38,SE,ARN,95.98,109.61
79.141.174.235,79.141.174.235,443,2.38,SE,ARN,104.95,131.86
185.139.228.30,185.139.228.30,443,2.23,SE,ARN,104.9,116.48
138.124.71.139,138.124.71.139,443,1.95,SE,ARN,103.87,120.81
78.109.17.114,78.109.17.114,443,1.65,SE,ARN,105.05,109.6
41.216.182.105,41.216.182.105,443,1.64,SE,ARN,106.37,130.67
91.223.169.74,91.223.169.74,443,1.54,SE,ARN,110.56,120.69
192.145.30.224,192.145.30.224,443,1.34,SE,ARN,105.23,126.4
192.145.30.27,192.145.30.27,443,1.3,SE,ARN,113.96,131.77
87.251.85.34,87.251.85.34,443,1.21,SE,ARN,109.04,115.34
185.21.11.91,185.21.11.91,443,1.21,SE,CPH,106.14,117.12
83.219.250.221,83.219.250.221,443,1.02,SE,ARN,114.95,150.48
167.172.87.155,167.172.87.155,443,1.29,SG,SIN,261.54,342.12
167.172.95.164,167.172.95.164,443,1.05,SG,SIN,232.63,249.2
60.249.21.30,60.249.21.30,443,1.5,TW,TPE,200.64,222.69
43.170.25.96,43.152.136.112,443,754.24,US,IAD,2.69,52.09
159.89.91.17,159.89.91.17,443,410.75,US,EWR,7.16,19.71
104.238.129.180,104.238.129.180,443,363.15,US,EWR,8.8,18.06
149.28.62.21,149.28.62.21,443,355.48,US,EWR,8.35,23.62
150.136.254.79,150.136.254.79,443,321.64,US,IAD,2.21,9.4
159.60.146.82,159.60.176.165,443,273.87,US,IAD,6.27,14.3
38.180.138.2,38.180.138.2,443,253.35,US,EWR,7.83,31.63
107.175.183.121,107.175.183.121,443,245.89,US,ATL,17.62,28.04
104.129.167.255,48.217.251.135,2083,193.22,US,IAD,2.99,15.99
50.228.203.26,50.228.203.26,443,172.65,US,MIA,34.2,82.52
166.1.160.140,166.1.160.140,443,158.64,US,EWR,65.34,62.65
104.129.167.255,48.217.251.135,443,140.72,US,IAD,1.84,14.14
104.129.167.255,48.217.251.135,2087,110.54,US,IAD,17.8,13.03
27.50.48.73,48.217.251.135,2087,98.76,US,IAD,20.67,51.22
27.50.48.73,48.217.251.135,8443,95.13,US,IAD,42.41,38.11
27.50.48.73,48.217.251.135,2083,92.37,US,IAD,30.69,70.72
27.50.48.73,48.217.251.135,2096,90.47,US,IAD,9.83,32.85
38.146.27.51,38.146.27.51,443,90.34,US,EWR,40.75,58.02
27.50.48.73,48.217.251.135,443,86.56,US,IAD,26.47,29.35
143.47.96.200,143.47.96.200,443,85.81,US,IAD,30.44,22.95
27.50.48.73,48.217.251.135,2053,83.9,US,IAD,17.08,64.76
104.129.167.255,48.217.251.135,2096,75.9,US,IAD,18.71,13.83
150.136.219.11,150.136.219.11,443,73.68,US,IAD,2.6,8.3
150.136.139.228,150.136.139.228,443,72.48,US,EWR,3.24,19.08
104.129.167.255,48.217.251.135,2053,68.88,US,IAD,2.35,12.46
77.110.124.132,77.110.124.132,443,67.9,US,ATL,21.05,45.07
18.216.55.100,18.216.55.100,443,66.34,US,CMH,14.16,27.73
104.129.167.255,48.217.251.135,8443,63.84,US,IAD,5.79,17.43
185.106.95.125,185.106.95.125,443,56.42,US,DFW,46.15,54.61
154.211.8.155,48.217.251.135,8443,53.78,US,IAD,2.36,10.1
205.172.57.27,205.172.57.27,443,52.59,US,EWR,10.65,17.52
154.211.8.155,48.217.251.135,443,49.97,US,IAD,1.46,9.73
107.173.130.87,107.173.130.87,443,49.49,US,YYZ,20.88,102.83
154.211.8.155,48.217.251.135,2083,48.31,US,IAD,2.0,16.75
154.211.8.155,48.217.251.135,2087,47.53,US,IAD,2.62,11.78
104.129.166.131,48.217.251.135,443,47.04,US,IAD,2.14,10.33
154.211.8.155,48.217.251.135,2096,44.54,US,IAD,4.28,13.48
192.9.139.160,192.9.139.160,443,42.53,US,SJC,111.36,91.63
77.105.162.10,77.105.162.10,443,40.0,US,EWR,9.4,27.21
43.169.19.179,43.152.136.112,443,38.9,US,IAD,2.24,11.55
103.124.104.226,103.124.104.226,443,36.71,US,MIA,89.38,110.74
154.211.8.155,48.217.251.135,2053,35.94,US,IAD,2.42,13.54
104.129.166.131,48.217.251.135,2087,34.76,US,IAD,3.84,26.78
104.129.166.131,48.217.251.135,2096,32.24,US,IAD,2.12,11.96
34.58.136.79,34.58.136.79,443,30.09,US,ORD,28.33,70.49
104.129.166.131,48.217.251.135,8443,29.06,US,IAD,2.8,23.87
159.60.146.81,159.60.176.143,443,28.73,US,IAD,4.08,10.1
104.129.166.131,48.217.251.135,2083,28.5,US,IAD,3.41,21.74
172.67.208.171,48.217.251.135,8443,27.69,US,IAD,4.1,14.65
172.67.208.171,48.217.251.135,443,27.3,US,IAD,4.23,20.92
150.136.243.175,2a09:bac1:76a1:62b0::400:60,443,26.75,US,IAD,3.99,11.14
104.129.166.131,48.217.251.135,2053,24.38,US,IAD,1.89,20.41
107.175.209.186,107.175.209.186,443,23.84,US,BUF,18.31,58.28
38.77.187.51,38.77.187.51,443,23.22,US,LAS,91.91,351.69
172.67.208.171,48.217.251.135,2083,23.01,US,IAD,3.11,24.73
172.67.208.171,48.217.251.135,2087,22.4,US,IAD,14.11,5.84
134.209.166.117,2604:a880:800:10::e24:c001,443,22.35,US,EWR,17.1,86.55
172.67.208.171,48.217.251.135,2053,21.85,US,IAD,2.47,12.76
107.174.70.130,107.174.70.130,443,21.15,US,BUF,24.12,48.46
172.67.208.171,48.217.251.135,2096,20.96,US,IAD,27.24,10.63
192.210.133.140,192.210.133.140,443,18.22,US,BUF,24.43,63.53
23.95.189.91,23.95.189.91,443,18.07,US,YYZ,21.14,91.45
64.188.27.145,64.188.27.145,443,17.98,US,SJC,76.85,84.41
193.122.154.82,193.122.154.82,443,17.39,US,IAD,2.13,6.5
165.232.148.158,165.232.148.158,443,17.25,US,SJC,90.3,114.84
107.175.224.82,107.175.224.82,443,16.42,US,LAX,105.35,128.55
23.94.59.201,23.94.59.201,443,15.69,US,SEA,82.37,121.45
104.168.87.130,104.168.87.130,443,13.96,US,SJC,102.97,118.05
192.18.131.0,192.18.131.0,443,12.97,US,SJC,73.4,84.78
166.1.60.137,166.1.60.137,443,12.42,US,EWR,11.09,24.83
149.28.92.56,149.28.92.56,443,11.15,US,LAX,75.3,323.16
107.175.232.157,107.175.232.157,443,11.0,US,LAX,95.31,109.84
35.247.124.181,35.252.164.176,443,10.75,US,SEA,212.92,179.49
64.44.157.80,64.44.157.80,443,10.69,US,DFW,35.96,66.7
64.181.247.243,64.181.247.243,443,10.54,US,SJC,74.91,78.18
198.52.244.111,198.52.244.111,443,10.43,US,LAX,70.39,84.67
185.28.175.51,185.28.175.51,443,10.43,US,MIA,29.05,39.63
38.143.109.82,38.143.109.82,443,9.69,US,YYZ,22.01,81.62
104.168.38.167,104.168.38.167,443,9.67,US,BUF,19.95,78.7
163.192.47.170,163.192.47.170,443,9.52,US,SJC,72.41,79.77
146.19.167.192,146.19.167.192,443,8.9,US,ORD,25.16,46.64
34.53.21.244,34.53.21.244,443,8.07,US,SEA,73.11,94.63
107.174.85.164,107.174.85.164,443,7.41,US,LAX,70.84,85.37
66.135.5.63,66.135.5.63,443,7.37,US,EWR,9.18,21.63
185.186.245.90,185.186.245.90,443,7.15,US,DFW,37.81,46.41
64.181.255.215,2603:c024:c017:3:0:1771:e4e6:2604,443,7.13,US,SJC,72.01,80.18
192.193.104.25,192.193.104.22,443,6.9,US,DFW,43.68,68.5
38.132.122.241,38.132.122.241,443,6.89,US,EWR,45.83,336.76
107.175.245.116,107.175.245.116,2053,6.66,US,IAD,8.12,7.34
208.167.245.42,208.167.245.42,443,6.52,US,EWR,9.94,24.6
107.173.146.206,107.173.146.206,443,6.32,US,SJC,71.68,123.55
147.182.229.237,147.182.229.237,443,6.31,US,SJC,72.81,83.44
185.204.54.203,185.204.54.203,443,6.29,US,EWR,9.66,18.81
107.175.245.116,107.175.245.116,8443,6.27,US,IAD,2.94,18.2
64.181.218.67,64.181.218.67,443,6.26,US,ORD,17.9,23.25
38.146.28.146,38.146.28.146,443,6.23,US,LAX,65.99,73.06
107.172.16.110,107.172.16.110,443,5.95,US,SJC,73.17,95.65
143.198.31.221,143.198.31.221,443,5.89,US,EWR,16.86,27.43
74.48.134.194,74.48.134.194,443,5.83,US,LAX,65.24,74.67
148.135.119.123,148.135.119.123,443,5.63,US,LAX,60.41,80.21
129.159.84.71,129.159.84.71,443,5.48,US,IAD,4.58,8.97
107.173.123.133,107.173.123.133,443,5.4,US,LAX,66.24,83.03
35.230.79.26,35.212.229.74,443,5.11,US,SEA,72.24,99.1
129.146.196.8,129.146.196.8,443,5.1,US,LAX,57.74,81.04
129.146.137.214,2603:c020:14:b39f:73e4:5573:620c:f17c,443,5.07,US,LAX,54.5,80.87
38.75.221.26,38.75.221.26,443,4.81,US,LAX,65.92,80.02
192.227.167.44,192.227.167.44,443,4.58,US,SJC,69.98,169.93
156.154.245.83,156.154.213.195,443,4.55,US,IAD,1.72,7.45
192.3.134.177,192.3.134.177,443,4.48,US,SJC,84.39,85.11
216.180.125.171,216.180.125.171,443,4.39,US,DFW,41.44,52.42
24.144.68.139,128.199.0.28,443,4.31,US,SJC,69.13,76.54
96.44.158.249,96.44.158.249,443,4.26,US,SEA,76.44,98.36
72.249.205.12,72.249.205.12,443,4.24,US,LAX,66.76,84.07
172.245.53.232,172.245.53.232,443,4.21,US,SJC,75.8,88.52
23.94.56.22,23.94.56.22,443,4.11,US,SEA,80.76,109.06
141.148.93.235,141.148.93.235,443,4.04,US,IAD,2.06,10.05
47.88.15.127,47.88.15.127,443,3.97,US,SJC,73.85,78.17
107.172.190.151,107.172.190.151,443,3.87,US,YYZ,24.46,82.68
107.173.254.105,107.173.254.105,443,3.81,US,BUF,18.56,22.05
34.82.76.253,35.252.164.176,443,3.68,US,SEA,74.39,129.28
107.174.242.250,107.174.242.250,443,3.31,US,SEA,87.05,82.67
107.174.245.19,107.174.245.19,443,3.25,US,SEA,78.29,107.1
137.184.228.85,137.184.228.85,443,3.22,US,SJC,73.25,87.09
216.36.116.175,216.36.116.175,443,3.16,US,LAX,55.06,84.34
107.174.42.185,107.174.42.185,443,3.04,US,LAX,66.98,74.89
192.3.251.89,192.3.251.89,443,2.8,US,SEA,75.67,120.66
46.17.107.183,46.17.107.183,443,2.52,US,EWR,42.64,125.16
104.129.59.249,104.129.59.249,443,2.5,US,LAX,66.83,88.49
107.173.248.16,107.173.248.16,443,2.23,US,BUF,19.92,59.35
107.175.230.87,107.175.230.87,443,2.12,US,LAX,72.06,83.55
72.13.122.137,199.38.148.63,443,2.12,US,IAD,7.1,22.13
129.159.34.196,2603:c024:c005:ec5f:0:e477:e6f:c726,443,2.08,US,SJC,70.39,84.52
43.169.18.179,43.152.136.112,443,1.99,US,IAD,1.57,5.81
107.174.40.115,107.174.40.115,443,1.92,US,LAX,98.95,108.14
192.9.157.76,2603:c024:c00c:633::f1e1,443,1.68,US,SJC,76.23,115.47
72.249.204.208,72.249.204.208,443,1.6,US,LAX,67.87,90.28
77.105.162.73,77.105.162.73,443,1.54,US,EWR,8.91,21.09
166.1.60.219,166.1.60.219,443,1.51,US,EWR,8.06,35.14
168.151.20.157,2602:f988:210:c4f::7f4,443,1.47,US,LAX,70.31,72.57
165.1.66.231,2a09:bac5:6210:1246::1d2:ca,443,1.43,US,SJC,72.91,85.68
163.192.47.40,163.192.47.40,443,1.38,US,SJC,73.1,85.09
45.61.150.169,45.61.150.169,443,1.37,US,LAS,67.93,144.86
213.170.157.1,185.71.228.0,443,1.37,US,PDX,85.65,187.01
72.249.205.119,72.249.205.119,443,1.28,US,LAX,77.08,103.0
192.161.60.5,192.161.60.5,443,1.16,US,LAX,73.35,75.12
38.75.221.242,38.75.221.242,443,1.09,US,LAX,84.19,159.74
38.60.91.95,38.60.91.95,443,1.09,US,LAX,84.11,78.54
107.174.253.219,2a09:bac5:6217:1250::1d3:a8,2096,1.04,US,SJC,86.44,87.95
38.180.204.104,38.180.204.104,443,1.03,US,ORD,19.83,38.34
172.245.246.110,172.245.246.110,443,1.02,US,BUF,19.79,65.98
64.181.227.82,64.181.227.82,443,1.01,US,SJC,73.22,130.29
134.199.142.254,134.199.234.104,443,1.0,US,SJC,79.61,78.67
